Workbook

Sheet Sheet1
A1: IBM & OLYMPIC GAMES 2026 Guessing Game | J1: Game Date | K1: 46064 | P1: 46065 | Y1: 46066 | AH1: 46067 | AQ1: 46068 | AZ1: 46070 | BI1: 46071 | BR1: 46073 | BW1: 46074 | BZ1: 46074
J2: Time: GMT +1 | K2: 0.69444444 | M2: 0.88194444 | P2: 0.50694444 | R2: 0.69444444 | T2: 0.88194444 | Y2: 0.50694444 | AC2: 0.69444444 | AE2: 0.88194444 | AH2: 0.50694444 | AL2: 0.69444444 | AN2: 0.88194444 | AQ2: 0.50694444 | AS2: 0.69444444 | AU2: 0.79861111 | AW2: 0.88194444 | AZ2: 0.50694444 | BD2: 0.69444444 | BF2: 0.88194444 | BI2: 0.50694444 | BK2: 0.69444444 | BM2: 0.75694444 | BO2: 0.88194444 | BR2: 0.69444444 | BT2: 0.88194444
A3: Rules: Guess just final score, so no draws can happen!!!. If you guess exact score of match: 4pts, if you guess the winner of match and number of goals scored by home or away team: 2pts, if you guess just the winner: 1pts. In PLAY OFF you receive +1 point for each mentioned scenario | J3: Matches | K3: SVK | L3: Points | M3: SWE | N3: Points | P3: SUI | Q3: Points | R3: CZE | S3: Points | T3: LAT | U3: Points | V3: GER | W3: Points | Y3: FIN | Z3: Points | AA3: ITA | AB3: Points | AC3: FRA | AD3: Points | AE3: CAN | AF3: Points | AH3: SWE | AI3: Points | AJ3: GER | AK3: Points | AL3: FIN | AM3: Points | AN3: USA | AO3: Points | AQ3: SUI | AR3: Points | AS3: CAN | AT3: Points | AU3: DEN | AV3: Points | AW3: USA | AX3: Points | AZ3: TBD | BA3: Points | BB3: TBD | BC3: Points | BD3: TBD | BE3: Points | BF3: TBD | BG3: Points | BI3: TBD | BJ3: Points | BK3: TBD | BL3: Points | BM3: TBD | BN3: Points | BO3: TBD | BP3: Points | BR3: TBD | BS3: Points | BT3: TBD | BU3: Points | BW3: TBD | BX3: Points | BZ3: TBD | CA3: Points
K4: vs | M4: vs | P4: vs | R4: vs | T4: vs | V4: vs | Y4: vs | AA4: vs | AC4: vs | AE4: vs | AH4: vs | AJ4: vs | AL4: vs | AN4: vs | AQ4: vs | AS4: vs | AU4: vs | AW4: vs | AZ4: vs | BB4: vs | BD4: vs | BF4: vs | BI4: vs | BK4: vs | BM4: vs | BO4: vs | BR4: vs | BT4: vs | BW4: vs | BZ4: vs
K5: FIN | M5: ITA | P5: FRA | R5: CAN | T5: USA | V5: DEN | Y5: SWE | AA5: SVK | AC5: CZE | AE5: SUI | AH5: SVK | AJ5: LAT | AL5: ITA | AN5: DEN | AQ5: CZE | AS5: FRA | AU5: LAT | AW5: GER | AZ5: TBD | BB5: TBD | BD5: TBD | BF5: TBD | BI5: TBD | BK5: TBD | BM5: TBD | BO5: TBD | BR5: TBD | BT5: TBD | BW5: TBD | BZ5: TBD
A6: ID | B6: Name | C6: Mail | D6: Country | E6: Filled matches | F6: Accurate guesses | G6: Group-stage Points | H6: Play-off Points | I6: Total Points | J6: Results:
A7: 1 | B7: Peter Niroda | C7: peter.niroda@sk.ibm.cm | D7: Slovakia | E7: =IF(K7<>"",1,0)+IF(M7<>"",1,0)+IF(P7<>"",1,0)+IF(R7<>"",1,0)+IF(T7<>"",1,0)+IF(V7<>"",1,0)+IF(Y7<>"",1,0)+IF(AA7<>"",1,0)+IF(AC7<>"",1,0)+IF(AE7<>"",1,0)+IF(AH7<>"",1,0)+IF(AJ7<>"",1,0)+IF(AL7<>"",1,0)+IF(AN7<>"",1,0)+IF(AQ7<>"",1,0)+IF(AS7<>"",1,0)+IF(AU7<>"",1,0)+IF(AW7<>"",1,0)+IF(AZ7<>"",1,0)+IF(BB7<>"",1,0)+IF(BD7<>"",1,0)+IF(BF7<>"",1,0)+IF(BI7<>"",1,0)+IF(BK7<>"",1,0)+IF(BM7<>"",1,0)+IF(BO7<>"",1,0) +IF(BR7<>"",1,0) +IF(BT7<>"",1,0) +IF(BW7<>"",1,0) +IF(BZ7<>"",1,0) -> 18 | F7: =IF(L7=4,1,0)+IF(N7=4,1,0)+IF(Q7=4,1,0)+IF(S7=4,1,0)+IF(U7=4,1,0)+IF(W7=4,1,0)+IF(Z7=4,1,0)+IF(AB7=4,1,0)+IF(AD7=4,1,0)+IF(AF7=4,1,0)+IF(AI7=4,1,0)+IF(AK7=4,1,0)+IF(AM7=4,1,0)+IF(AO7=4,1,0)+IF(AR7=4,1,0)+IF(AT7=4,1,0)+IF(AV7=4,1,0)+IF(AX7=4,1,0)+IF(BA7=5,1,0)+IF(BC7=5,1,0)+IF(BE7=5,1,0)+IF(BG7=5,1,0)+IF(BJ7=5,1,0)+IF(BL7=5,1,0)+IF(BN7=5,1,0)+IF(BP7=5,1,0) +IF(BS7=5,1,0) +IF(BU7=5,1,0) +IF(BX7=5,1,0) +IF(CA7=5,1,0) -> 0 | G7: =L7+N7+Q7+S7+U7+W7+Z7+AB7+AD7+AF7+AI7+AK7+AM7+AO7+AR7+AT7+AV7+AX7 -> 0 | H7: =BA7+BC7+BE7+BG7+BJ7+BL7+BN7+BP7 +BS7 +BU7 +BX7 +CA7 -> 0 | I7: =G7+H7 -> 0 | K7: 0:4 | L7: =_xlfn.LET( _xlpm.FinalScore, TRIM(SUBSTITUTE($K$6," ","")), _xlpm.UserGuess, TRIM(SUBSTITUTE(K7," ","")), _xlpm.FinalHome, VALUE(LEFT(_xlpm.FinalScore, FIND(":", _xlpm.FinalScore)-1)), _xlpm.FinalAway, VALUE(MID(_xlpm.FinalScore, FIND(":", _xlpm.FinalScore)+1, LEN(_xlpm.FinalScore))), _xlpm.GuessHome, VALUE(LEFT(_xlpm.UserGuess, FIND(":", _xlpm.UserGuess)-1)), _xlpm.GuessAway, VALUE(MID(_xlpm.UserGuess, FIND(":", _xlpm.UserGuess)+1, LEN(_xlpm.UserGuess))), _xlpm.FinalDiff, _xlpm.FinalHome - _xlpm.FinalAway, _xlpm.GuessDiff, _xlpm.GuessHome - _xlpm.GuessAway, IF( OR($K$6="", K7=""), 0 +N("If final or guess is missing, 0 points"), IF( AND(_xlpm.FinalHome=_xlpm.GuessHome, _xlpm.FinalAway=_xlpm.GuessAway), 4 +N("Exact score guessed, 4 points"), IF( AND( SIGN(_xlpm.FinalDiff) = SIGN(_xlpm.GuessDiff), OR(_xlpm.FinalHome=_xlpm.GuessHome, _xlpm.FinalAway=_xlpm.GuessAway) ), 2 +N("Winner and one side score guessed, 2 points"), IF( SIGN(_xlpm.FinalDiff) = SIGN(_xlpm.GuessDiff), 1 +N("Only winner guessed, 1 point"), 0 +N("Wrong guess, 0 points") ) ) ) ) ) -> 0 | M7: 6:0 | N7: =_xlfn.LET( _xlpm.FinalScore, TRIM(SUBSTITUTE($M$6," ","")), _xlpm.UserGuess, TRIM(SUBSTITUTE(M7," ","")), _xlpm.FinalHome, VALUE(LEFT(_xlpm.FinalScore, FIND(":", _xlpm.FinalScore)-1)), _xlpm.FinalAway, VALUE(MID(_xlpm.FinalScore, FIND(":", _xlpm.FinalScore)+1, LEN(_xlpm.FinalScore))), _xlpm.GuessHome, VALUE(LEFT(_xlpm.UserGuess, FIND(":", _xlpm.UserGuess)-1)), _xlpm.GuessAway, VALUE(MID(_xlpm.UserGuess, FIND(":", _xlpm.UserGuess)+1, LEN(_xlpm.UserGuess))), _xlpm.FinalDiff, _xlpm.FinalHome - _xlpm.FinalAway, _xlpm.GuessDiff, _xlpm.GuessHome - _xlpm.GuessAway, IF( OR($M$6="", M7=""), 0 +N("If final or guess is missing, 0 points"), IF( AND(_xlpm.FinalHome=_xlpm.GuessHome, _xlpm.FinalAway=_xlpm.GuessAway), 4 +N("Exact score guessed, 4 points"), IF( AND( SIGN(_xlpm.FinalDiff) = SIGN(_xlpm.GuessDiff), OR(_xlpm.FinalHome=_xlpm.GuessHome, _xlpm.FinalAway=_xlpm.GuessAway) ), 2 +N("Winner and one side score guessed, 2 points"), IF( SIGN(_xlpm.FinalDiff) = SIGN(_xlpm.GuessDiff), 1 +N("Only winner guessed, 1 point"), 0 +N("Wrong guess, 0 points") ) ) ) ) ) -> 0 | P7: 5:1 | Q7: =_xlfn.LET( _xlpm.FinalScore, TRIM(SUBSTITUTE($P$6," ","")), _xlpm.UserGuess, TRIM(SUBSTITUTE(P7," ","")), _xlpm.FinalHome, VALUE(LEFT(_xlpm.FinalScore, FIND(":", _xlpm.FinalScore)-1)), _xlpm.FinalAway, VALUE(MID(_xlpm.FinalScore, FIND(":", _xlpm.FinalScore)+1, LEN(_xlpm.FinalScore))), _xlpm.GuessHome, VALUE(LEFT(_xlpm.UserGuess, FIND(":", _xlpm.UserGuess)-1)), _xlpm.GuessAway, VALUE(MID(_xlpm.UserGuess, FIND(":", _xlpm.UserGuess)+1, LEN(_xlpm.UserGuess))), _xlpm.FinalDiff, _xlpm.FinalHome - _xlpm.FinalAway, _xlpm.GuessDiff, _xlpm.GuessHome - _xlpm.GuessAway, IF( OR($P$6="", P7=""), 0 +N("If final or guess is missing, 0 points"), IF( AND(_xlpm.FinalHome=_xlpm.GuessHome, _xlpm.FinalAway=_xlpm.GuessAway), 4 +N("Exact score guessed, 4 points"), IF( AND( SIGN(_xlpm.FinalDiff) = SIGN(_xlpm.GuessDiff), OR(_xlpm.FinalHome=_xlpm.GuessHome, _xlpm.FinalAway=_xlpm.GuessAway) ), 2 +N("Winner and one side score guessed, 2 points"), IF( SIGN(_xlpm.FinalDiff) = SIGN(_xlpm.GuessDiff), 1 +N("Only winner guessed, 1 point"), 0 +N("Wrong guess, 0 points") ) ) ) ) ) -> 0 | R7: 1:4 | S7: =_xlfn.LET( _xlpm.FinalScore, TRIM(SUBSTITUTE($R$6," ","")), _xlpm.UserGuess, TRIM(SUBSTITUTE(R7," ","")), _xlpm.FinalHome, VALUE(LEFT(_xlpm.FinalScore, FIND(":", _xlpm.FinalScore)-1)), _xlpm.FinalAway, VALUE(MID(_xlpm.FinalScore, FIND(":", _xlpm.FinalScore)+1, LEN(_xlpm.FinalScore))), _xlpm.GuessHome, VALUE(LEFT(_xlpm.UserGuess, FIND(":", _xlpm.UserGuess)-1)), _xlpm.GuessAway, VALUE(MID(_xlpm.UserGuess, FIND(":", _xlpm.UserGuess)+1, LEN(_xlpm.UserGuess))), _xlpm.FinalDiff, _xlpm.FinalHome - _xlpm.FinalAway, _xlpm.GuessDiff, _xlpm.GuessHome - _xlpm.GuessAway, IF( OR($R$6="", R7=""), 0 +N("If final or guess is missing, 0 points"), IF( AND(_xlpm.FinalHome=_xlpm.GuessHome, _xlpm.FinalAway=_xlpm.GuessAway), 4 +N("Exact score guessed, 4 points"), IF( AND( SIGN(_xlpm.FinalDiff) = SIGN(_xlpm.GuessDiff), OR(_xlpm.FinalHome=_xlpm.GuessHome, _xlpm.FinalAway=_xlpm.GuessAway) ), 2 +N("Winner and one side score guessed, 2 points"), IF( SIGN(_xlpm.FinalDiff) = SIGN(_xlpm.GuessDiff), 1 +N("Only winner guessed, 1 point"), 0 +N("Wrong guess, 0 points") ) ) ) ) ) -> 0 | T7: 0:4 | U7: =_xlfn.LET( _xlpm.FinalScore, TRIM(SUBSTITUTE($T$6," ","")), _xlpm.UserGuess, TRIM(SUBSTITUTE(T7," ","")), _xlpm.FinalHome, VALUE(LEFT(_xlpm.FinalScore, FIND(":", _xlpm.FinalScore)-1)), _xlpm.FinalAway, VALUE(MID(_xlpm.FinalScore, FIND(":", _xlpm.FinalScore)+1, LEN(_xlpm.FinalScore))), _xlpm.GuessHome, VALUE(LEFT(_xlpm.UserGuess, FIND(":", _xlpm.UserGuess)-1)), _xlpm.GuessAway, VALUE(MID(_xlpm.UserGuess, FIND(":", _xlpm.UserGuess)+1, LEN(_xlpm.UserGuess))), _xlpm.FinalDiff, _xlpm.FinalHome - _xlpm.FinalAway, _xlpm.GuessDiff, _xlpm.GuessHome - _xlpm.GuessAway, IF( OR($T$6="", T7=""), 0 +N("If final or guess is missing, 0 points"), IF( AND(_xlpm.FinalHome=_xlpm.GuessHome, _xlpm.FinalAway=_xlpm.GuessAway), 4 +N("Exact score guessed, 4 points"), IF( AND( SIGN(_xlpm.FinalDiff) = SIGN(_xlpm.GuessDiff), OR(_xlpm.FinalHome=_xlpm.GuessHome, _xlpm.FinalAway=_xlpm.GuessAway) ), 2 +N("Winner and one side score guessed, 2 points"), IF( SIGN(_xlpm.FinalDiff) = SIGN(_xlpm.GuessDiff), 1 +N("Only winner guessed, 1 point"), 0 +N("Wrong guess, 0 points") ) ) ) ) ) -> 0 | V7: 3:2 | W7: =_xlfn.LET( _xlpm.FinalScore, TRIM(SUBSTITUTE($V$6," ","")), _xlpm.UserGuess, TRIM(SUBSTITUTE(V7," ","")), _xlpm.FinalHome, VALUE(LEFT(_xlpm.FinalScore, FIND(":", _xlpm.FinalScore)-1)), _xlpm.FinalAway, VALUE(MID(_xlpm.FinalScore, FIND(":", _xlpm.FinalScore)+1, LEN(_xlpm.FinalScore))), _xlpm.GuessHome, VALUE(LEFT(_xlpm.UserGuess, FIND(":", _xlpm.UserGuess)-1)), _xlpm.GuessAway, VALUE(MID(_xlpm.UserGuess, FIND(":", _xlpm.UserGuess)+1, LEN(_xlpm.UserGuess))), _xlpm.FinalDiff, _xlpm.FinalHome - _xlpm.FinalAway, _xlpm.GuessDiff, _xlpm.GuessHome - _xlpm.GuessAway, IF( OR($V$6="", V7=""), 0 +N("If final or guess is missing, 0 points"), IF( AND(_xlpm.FinalHome=_xlpm.GuessHome, _xlpm.FinalAway=_xlpm.GuessAway), 4 +N("Exact score guessed, 4 points"), IF( AND( SIGN(_xlpm.FinalDiff) = SIGN(_xlpm.GuessDiff), OR(_xlpm.FinalHome=_xlpm.GuessHome, _xlpm.FinalAway=_xlpm.GuessAway) ), 2 +N("Winner and one side score guessed, 2 points"), IF( SIGN(_xlpm.FinalDiff) = SIGN(_xlpm.GuessDiff), 1 +N("Only winner guessed, 1 point"), 0 +N("Wrong guess, 0 points") ) ) ) ) ) -> 0 | Y7: 2:3 | Z7: =_xlfn.LET( _xlpm.FinalScore, TRIM(SUBSTITUTE($Y$6," ","")), _xlpm.UserGuess, TRIM(SUBSTITUTE(Y7," ","")), _xlpm.FinalHome, VALUE(LEFT(_xlpm.FinalScore, FIND(":", _xlpm.FinalScore)-1)), _xlpm.FinalAway, VALUE(MID(_xlpm.FinalScore, FIND(":", _xlpm.FinalScore)+1, LEN(_xlpm.FinalScore))), _xlpm.GuessHome, VALUE(LEFT(_xlpm.UserGuess, FIND(":", _xlpm.UserGuess)-1)), _xlpm.GuessAway, VALUE(MID(_xlpm.UserGuess, FIND(":", _xlpm.UserGuess)+1, LEN(_xlpm.UserGuess))), _xlpm.FinalDiff, _xlpm.FinalHome - _xlpm.FinalAway, _xlpm.GuessDiff, _xlpm.GuessHome - _xlpm.GuessAway, IF( OR($Y$6="", Y7=""), 0 +N("If final or guess is missing, 0 points"), IF( AND(_xlpm.FinalHome=_xlpm.GuessHome, _xlpm.FinalAway=_xlpm.GuessAway), 4 +N("Exact score guessed, 4 points"), IF( AND( SIGN(_xlpm.FinalDiff) = SIGN(_xlpm.GuessDiff), OR(_xlpm.FinalHome=_xlpm.GuessHome, _xlpm.FinalAway=_xlpm.GuessAway) ), 2 +N("Winner and one side score guessed, 2 points"), IF( SIGN(_xlpm.FinalDiff) = SIGN(_xlpm.GuessDiff), 1 +N("Only winner guessed, 1 point"), 0 +N("Wrong guess, 0 points") ) ) ) ) ) -> 0 | AA7: 1:3 | AB7: =_xlfn.LET( _xlpm.FinalScore, TRIM(SUBSTITUTE($AA$6," ","")), _xlpm.UserGuess, TRIM(SUBSTITUTE(AA7," ","")), _xlpm.FinalHome, VALUE(LEFT(_xlpm.FinalScore, FIND(":", _xlpm.FinalScore)-1)), _xlpm.FinalAway, VALUE(MID(_xlpm.FinalScore, FIND(":", _xlpm.FinalScore)+1, LEN(_xlpm.FinalScore))), _xlpm.GuessHome, VALUE(LEFT(_xlpm.UserGuess, FIND(":", _xlpm.UserGuess)-1)), _xlpm.GuessAway, VALUE(MID(_xlpm.UserGuess, FIND(":", _xlpm.UserGuess)+1, LEN(_xlpm.UserGuess))), _xlpm.FinalDiff, _xlpm.FinalHome - _xlpm.FinalAway, _xlpm.GuessDiff, _xlpm.GuessHome - _xlpm.GuessAway, IF( OR($AA$6="", AA7=""), 0 +N("If final or guess is missing, 0 points"), IF( AND(_xlpm.FinalHome=_xlpm.GuessHome, _xlpm.FinalAway=_xlpm.GuessAway), 4 +N("Exact score guessed, 4 points"), IF( AND( SIGN(_xlpm.FinalDiff) = SIGN(_xlpm.GuessDiff), OR(_xlpm.FinalHome=_xlpm.GuessHome, _xlpm.FinalAway=_xlpm.GuessAway) ), 2 +N("Winner and one side score guessed, 2 points"), IF( SIGN(_xlpm.FinalDiff) = SIGN(_xlpm.GuessDiff), 1 +N("Only winner guessed, 1 point"), 0 +N("Wrong guess, 0 points") ) ) ) ) ) -> 0 | AC7: 1:4 | AD7: =_xlfn.LET( _xlpm.FinalScore, TRIM(SUBSTITUTE($AC$6," ","")), _xlpm.UserGuess, TRIM(SUBSTITUTE(AC7," ","")), _xlpm.FinalHome, VALUE(LEFT(_xlpm.FinalScore, FIND(":", _xlpm.FinalScore)-1)), _xlpm.FinalAway, VALUE(MID(_xlpm.FinalScore, FIND(":", _xlpm.FinalScore)+1, LEN(_xlpm.FinalScore))), _xlpm.GuessHome, VALUE(LEFT(_xlpm.UserGuess, FIND(":", _xlpm.UserGuess)-1)), _xlpm.GuessAway, VALUE(MID(_xlpm.UserGuess, FIND(":", _xlpm.UserGuess)+1, LEN(_xlpm.UserGuess))), _xlpm.FinalDiff, _xlpm.FinalHome - _xlpm.FinalAway, _xlpm.GuessDiff, _xlpm.GuessHome - _xlpm.GuessAway, IF( OR($AC$6="", AC7=""), 0 +N("If final or guess is missing, 0 points"), IF( AND(_xlpm.FinalHome=_xlpm.GuessHome, _xlpm.FinalAway=_xlpm.GuessAway), 4 +N("Exact score guessed, 4 points"), IF( AND( SIGN(_xlpm.FinalDiff) = SIGN(_xlpm.GuessDiff), OR(_xlpm.FinalHome=_xlpm.GuessHome, _xlpm.FinalAway=_xlpm.GuessAway) ), 2 +N("Winner and one side score guessed, 2 points"), IF( SIGN(_xlpm.FinalDiff) = SIGN(_xlpm.GuessDiff), 1 +N("Only winner guessed, 1 point"), 0 +N("Wrong guess, 0 points") ) ) ) ) ) -> 0 | AE7: 3:2 | AF7: =_xlfn.LET( _xlpm.FinalScore, TRIM(SUBSTITUTE($AE$6," ","")), _xlpm.UserGuess, TRIM(SUBSTITUTE(AE7," ","")), _xlpm.FinalHome, VALUE(LEFT(_xlpm.FinalScore, FIND(":", _xlpm.FinalScore)-1)), _xlpm.FinalAway, VALUE(MID(_xlpm.FinalScore, FIND(":", _xlpm.FinalScore)+1, LEN(_xlpm.FinalScore))), _xlpm.GuessHome, VALUE(LEFT(_xlpm.UserGuess, FIND(":", _xlpm.UserGuess)-1)), _xlpm.GuessAway, VALUE(MID(_xlpm.UserGuess, FIND(":", _xlpm.UserGuess)+1, LEN(_xlpm.UserGuess))), _xlpm.FinalDiff, _xlpm.FinalHome - _xlpm.FinalAway, _xlpm.GuessDiff, _xlpm.GuessHome - _xlpm.GuessAway, IF( OR($AE$6="", AE7=""), 0 +N("If final or guess is missing, 0 points"), IF( AND(_xlpm.FinalHome=_xlpm.GuessHome, _xlpm.FinalAway=_xlpm.GuessAway), 4 +N("Exact score guessed, 4 points"), IF( AND( SIGN(_xlpm.FinalDiff) = SIGN(_xlpm.GuessDiff), OR(_xlpm.FinalHome=_xlpm.GuessHome, _xlpm.FinalAway=_xlpm.GuessAway) ), 2 +N("Winner and one side score guessed, 2 points"), IF( SIGN(_xlpm.FinalDiff) = SIGN(_xlpm.GuessDiff), 1 +N("Only winner guessed, 1 point"), 0 +N("Wrong guess, 0 points") ) ) ) ) ) -> 0 | AH7: 4:0 | AI7: =_xlfn.LET( _xlpm.FinalScore, TRIM(SUBSTITUTE($AH$6," ","")), _xlpm.UserGuess, TRIM(SUBSTITUTE(AH7," ","")), _xlpm.FinalHome, VALUE(LEFT(_xlpm.FinalScore, FIND(":", _xlpm.FinalScore)-1)), _xlpm.FinalAway, VALUE(MID(_xlpm.FinalScore, FIND(":", _xlpm.FinalScore)+1, LEN(_xlpm.FinalScore))), _xlpm.GuessHome, VALUE(LEFT(_xlpm.UserGuess, FIND(":", _xlpm.UserGuess)-1)), _xlpm.GuessAway, VALUE(MID(_xlpm.UserGuess, FIND(":", _xlpm.UserGuess)+1, LEN(_xlpm.UserGuess))), _xlpm.FinalDiff, _xlpm.FinalHome - _xlpm.FinalAway, _xlpm.GuessDiff, _xlpm.GuessHome - _xlpm.GuessAway, IF( OR($AH$6="", AH7=""), 0 +N("If final or guess is missing, 0 points"), IF( AND(_xlpm.FinalHome=_xlpm.GuessHome, _xlpm.FinalAway=_xlpm.GuessAway), 4 +N("Exact score guessed, 4 points"), IF( AND( SIGN(_xlpm.FinalDiff) = SIGN(_xlpm.GuessDiff), OR(_xlpm.FinalHome=_xlpm.GuessHome, _xlpm.FinalAway=_xlpm.GuessAway) ), 2 +N("Winner and one side score guessed, 2 points"), IF( SIGN(_xlpm.FinalDiff) = SIGN(_xlpm.GuessDiff), 1 +N("Only winner guessed, 1 point"), 0 +N("Wrong guess, 0 points") ) ) ) ) ) -> 0 | AJ7: 3:0 | AK7: =_xlfn.LET( _xlpm.FinalScore,TRIM(SUBSTITUTE($AJ$6," ","")), _xlpm.UserGuess,TRIM(SUBSTITUTE(AJ7," ","")), _xlpm.FinalHome,VALUE(LEFT(_xlpm.FinalScore,FIND(":",_xlpm.FinalScore)-1)), _xlpm.FinalAway,VALUE(MID(_xlpm.FinalScore,FIND(":",_xlpm.FinalScore)+1,LEN(_xlpm.FinalScore))), _xlpm.GuessHome,VALUE(LEFT(_xlpm.UserGuess,FIND(":",_xlpm.UserGuess)-1)), _xlpm.GuessAway,VALUE(MID(_xlpm.UserGuess,FIND(":",_xlpm.UserGuess)+1,LEN(_xlpm.UserGuess))), _xlpm.FinalDiff,_xlpm.FinalHome-_xlpm.FinalAway, _xlpm.GuessDiff,_xlpm.GuessHome-_xlpm.GuessAway, IF( OR($AJ$6="",AJ7=""), 0+N("If final or guess is missing, 0 points"), IF( AND(_xlpm.FinalHome=_xlpm.GuessHome,_xlpm.FinalAway=_xlpm.GuessAway), 4+N("Exact score guessed, 4 points"), IF( AND( SIGN(_xlpm.FinalDiff)=SIGN(_xlpm.GuessDiff), OR(_xlpm.FinalHome=_xlpm.GuessHome,_xlpm.FinalAway=_xlpm.GuessAway) ), 2+N("Winner and one side score guessed, 2 points"), IF( SIGN(_xlpm.FinalDiff)=SIGN(_xlpm.GuessDiff), 1+N("Only winner guessed, 1 point"), 0+N("Wrong guess, 0 points") ) ) ) ) ) -> 0 | AL7: 5:0 | AM7: =_xlfn.LET( _xlpm.FinalScore, TRIM(SUBSTITUTE($AL$6," ","")), _xlpm.UserGuess, TRIM(SUBSTITUTE(AL7," ","")), _xlpm.FinalHome, VALUE(LEFT(_xlpm.FinalScore, FIND(":", _xlpm.FinalScore)-1)), _xlpm.FinalAway, VALUE(MID(_xlpm.FinalScore, FIND(":", _xlpm.FinalScore)+1, LEN(_xlpm.FinalScore))), _xlpm.GuessHome, VALUE(LEFT(_xlpm.UserGuess, FIND(":", _xlpm.UserGuess)-1)), _xlpm.GuessAway, VALUE(MID(_xlpm.UserGuess, FIND(":", _xlpm.UserGuess)+1, LEN(_xlpm.UserGuess))), _xlpm.FinalDiff, _xlpm.FinalHome - _xlpm.FinalAway, _xlpm.GuessDiff, _xlpm.GuessHome - _xlpm.GuessAway, IF( OR($AL$6="", AL7=""), 0 +N("If final or guess is missing, 0 points"), IF( AND(_xlpm.FinalHome=_xlpm.GuessHome, _xlpm.FinalAway=_xlpm.GuessAway), 4 +N("Exact score guessed, 4 points"), IF( AND( SIGN(_xlpm.FinalDiff) = SIGN(_xlpm.GuessDiff), OR(_xlpm.FinalHome=_xlpm.GuessHome, _xlpm.FinalAway=_xlpm.GuessAway) ), 2 +N("Winner and one side score guessed, 2 points"), IF( SIGN(_xlpm.FinalDiff) = SIGN(_xlpm.GuessDiff), 1 +N("Only winner guessed, 1 point"), 0 +N("Wrong guess, 0 points") ) ) ) ) ) -> 0 | AN7: 3:0 | AO7: =_xlfn.LET( _xlpm.FinalScore, TRIM(SUBSTITUTE($AN$6," ","")), _xlpm.UserGuess, TRIM(SUBSTITUTE(AN7," ","")), _xlpm.FinalHome, VALUE(LEFT(_xlpm.FinalScore, FIND(":", _xlpm.FinalScore)-1)), _xlpm.FinalAway, VALUE(MID(_xlpm.FinalScore, FIND(":", _xlpm.FinalScore)+1, LEN(_xlpm.FinalScore))), _xlpm.GuessHome, VALUE(LEFT(_xlpm.UserGuess, FIND(":", _xlpm.UserGuess)-1)), _xlpm.GuessAway, VALUE(MID(_xlpm.UserGuess, FIND(":", _xlpm.UserGuess)+1, LEN(_xlpm.UserGuess))), _xlpm.FinalDiff, _xlpm.FinalHome - _xlpm.FinalAway, _xlpm.GuessDiff, _xlpm.GuessHome - _xlpm.GuessAway, IF( OR($AN$6="", AN7=""), 0 +N("If final or guess is missing, 0 points"), IF( AND(_xlpm.FinalHome=_xlpm.GuessHome, _xlpm.FinalAway=_xlpm.GuessAway), 4 +N("Exact score guessed, 4 points"), IF( AND( SIGN(_xlpm.FinalDiff) = SIGN(_xlpm.GuessDiff), OR(_xlpm.FinalHome=_xlpm.GuessHome, _xlpm.FinalAway=_xlpm.GuessAway) ), 2 +N("Winner and one side score guessed, 2 points"), IF( SIGN(_xlpm.FinalDiff) = SIGN(_xlpm.GuessDiff), 1 +N("Only winner guessed, 1 point"), 0 +N("Wrong guess, 0 points") ) ) ) ) ) -> 0 | AQ7: 3:1 | AR7: =_xlfn.LET( _xlpm.FinalScore, TRIM(SUBSTITUTE($AQ$6," ","")), _xlpm.UserGuess, TRIM(SUBSTITUTE(AQ7," ","")), _xlpm.FinalHome, VALUE(LEFT(_xlpm.FinalScore, FIND(":", _xlpm.FinalScore)-1)), _xlpm.FinalAway, VALUE(MID(_xlpm.FinalScore, FIND(":", _xlpm.FinalScore)+1, LEN(_xlpm.FinalScore))), _xlpm.GuessHome, VALUE(LEFT(_xlpm.UserGuess, FIND(":", _xlpm.UserGuess)-1)), _xlpm.GuessAway, VALUE(MID(_xlpm.UserGuess, FIND(":", _xlpm.UserGuess)+1, LEN(_xlpm.UserGuess))), _xlpm.FinalDiff, _xlpm.FinalHome - _xlpm.FinalAway, _xlpm.GuessDiff, _xlpm.GuessHome - _xlpm.GuessAway, IF( OR($AQ$6="", AQ7=""), 0 +N("If final or guess is missing, 0 points"), IF( AND(_xlpm.FinalHome=_xlpm.GuessHome, _xlpm.FinalAway=_xlpm.GuessAway), 4 +N("Exact score guessed, 4 points"), IF( AND( SIGN(_xlpm.FinalDiff) = SIGN(_xlpm.GuessDiff), OR(_xlpm.FinalHome=_xlpm.GuessHome, _xlpm.FinalAway=_xlpm.GuessAway) ), 2 +N("Winner and one side score guessed, 2 points"), IF( SIGN(_xlpm.FinalDiff) = SIGN(_xlpm.GuessDiff), 1 +N("Only winner guessed, 1 point"), 0 +N("Wrong guess, 0 points") ) ) ) ) ) -> 0 | AS7: 5:0 | AT7: =_xlfn.LET( _xlpm.FinalScore, TRIM(SUBSTITUTE($AS$6," ","")), _xlpm.UserGuess, TRIM(SUBSTITUTE(AS7," ","")), _xlpm.FinalHome, VALUE(LEFT(_xlpm.FinalScore, FIND(":", _xlpm.FinalScore)-1)), _xlpm.FinalAway, VALUE(MID(_xlpm.FinalScore, FIND(":", _xlpm.FinalScore)+1, LEN(_xlpm.FinalScore))), _xlpm.GuessHome, VALUE(LEFT(_xlpm.UserGuess, FIND(":", _xlpm.UserGuess)-1)), _xlpm.GuessAway, VALUE(MID(_xlpm.UserGuess, FIND(":", _xlpm.UserGuess)+1, LEN(_xlpm.UserGuess))), _xlpm.FinalDiff, _xlpm.FinalHome - _xlpm.FinalAway, _xlpm.GuessDiff, _xlpm.GuessHome - _xlpm.GuessAway, IF( OR($AS$6="", AS7=""), 0 +N("If final or guess is missing, 0 points"), IF( AND(_xlpm.FinalHome=_xlpm.GuessHome, _xlpm.FinalAway=_xlpm.GuessAway), 4 +N("Exact score guessed, 4 points"), IF( AND( SIGN(_xlpm.FinalDiff) = SIGN(_xlpm.GuessDiff), OR(_xlpm.FinalHome=_xlpm.GuessHome, _xlpm.FinalAway=_xlpm.GuessAway) ), 2 +N("Winner and one side score guessed, 2 points"), IF( SIGN(_xlpm.FinalDiff) = SIGN(_xlpm.GuessDiff), 1 +N("Only winner guessed, 1 point"), 0 +N("Wrong guess, 0 points") ) ) ) ) ) -> 0 | AU7: 1:2 | AV7: =_xlfn.LET( _xlpm.FinalScore, TRIM(SUBSTITUTE($AU$6," ","")), _xlpm.UserGuess, TRIM(SUBSTITUTE(AU7," ","")), _xlpm.FinalHome, VALUE(LEFT(_xlpm.FinalScore, FIND(":", _xlpm.FinalScore)-1)), _xlpm.FinalAway, VALUE(MID(_xlpm.FinalScore, FIND(":", _xlpm.FinalScore)+1, LEN(_xlpm.FinalScore))), _xlpm.GuessHome, VALUE(LEFT(_xlpm.UserGuess, FIND(":", _xlpm.UserGuess)-1)), _xlpm.GuessAway, VALUE(MID(_xlpm.UserGuess, FIND(":", _xlpm.UserGuess)+1, LEN(_xlpm.UserGuess))), _xlpm.FinalDiff, _xlpm.FinalHome - _xlpm.FinalAway, _xlpm.GuessDiff, _xlpm.GuessHome - _xlpm.GuessAway, IF( OR($AU$6="", AU7=""), 0 +N("If final or guess is missing, 0 points"), IF( AND(_xlpm.FinalHome=_xlpm.GuessHome, _xlpm.FinalAway=_xlpm.GuessAway), 4 +N("Exact score guessed, 4 points"), IF( AND( SIGN(_xlpm.FinalDiff) = SIGN(_xlpm.GuessDiff), OR(_xlpm.FinalHome=_xlpm.GuessHome, _xlpm.FinalAway=_xlpm.GuessAway) ), 2 +N("Winner and one side score guessed, 2 points"), IF( SIGN(_xlpm.FinalDiff) = SIGN(_xlpm.GuessDiff), 1 +N("Only winner guessed, 1 point"), 0 +N("Wrong guess, 0 points") ) ) ) ) ) -> 0 | AW7: 4:1 | AX7: =_xlfn.LET( _xlpm.FinalScore, TRIM(SUBSTITUTE($AW$6," ","")), _xlpm.UserGuess, TRIM(SUBSTITUTE(AW7," ","")), _xlpm.FinalHome, VALUE(LEFT(_xlpm.FinalScore, FIND(":", _xlpm.FinalScore)-1)), _xlpm.FinalAway, VALUE(MID(_xlpm.FinalScore, FIND(":", _xlpm.FinalScore)+1, LEN(_xlpm.FinalScore))), _xlpm.GuessHome, VALUE(LEFT(_xlpm.UserGuess, FIND(":", _xlpm.UserGuess)-1)), _xlpm.GuessAway, VALUE(MID(_xlpm.UserGuess, FIND(":", _xlpm.UserGuess)+1, LEN(_xlpm.UserGuess))), _xlpm.FinalDiff, _xlpm.FinalHome - _xlpm.FinalAway, _xlpm.GuessDiff, _xlpm.GuessHome - _xlpm.GuessAway, IF( OR($AW$6="", AW7=""), 0 +N("If final or guess is missing, 0 points"), IF( AND(_xlpm.FinalHome=_xlpm.GuessHome, _xlpm.FinalAway=_xlpm.GuessAway), 4 +N("Exact score guessed, 4 points"), IF( AND( SIGN(_xlpm.FinalDiff) = SIGN(_xlpm.GuessDiff), OR(_xlpm.FinalHome=_xlpm.GuessHome, _xlpm.FinalAway=_xlpm.GuessAway) ), 2 +N("Winner and one side score guessed, 2 points"), IF( SIGN(_xlpm.FinalDiff) = SIGN(_xlpm.GuessDiff), 1 +N("Only winner guessed, 1 point"), 0 +N("Wrong guess, 0 points") ) ) ) ) ) -> 0 | BA7: =_xlfn.LET( _xlpm.FinalScore, TRIM(SUBSTITUTE($AW$6," ","")), _xlpm.UserGuess, TRIM(SUBSTITUTE(AZ7," ","")), _xlpm.FinalHome, VALUE(LEFT(_xlpm.FinalScore, FIND(":", _xlpm.FinalScore)-1)), _xlpm.FinalAway, VALUE(MID(_xlpm.FinalScore, FIND(":", _xlpm.FinalScore)+1, LEN(_xlpm.FinalScore))), _xlpm.GuessHome, VALUE(LEFT(_xlpm.UserGuess, FIND(":", _xlpm.UserGuess)-1)), _xlpm.GuessAway, VALUE(MID(_xlpm.UserGuess, FIND(":", _xlpm.UserGuess)+1, LEN(_xlpm.UserGuess))), _xlpm.FinalDiff, _xlpm.FinalHome - _xlpm.FinalAway, _xlpm.GuessDiff, _xlpm.GuessHome - _xlpm.GuessAway, IF( OR($AW$6="", AZ7=""), 0 +N("If final or guess is missing, 0 points"), IF( AND(_xlpm.FinalHome=_xlpm.GuessHome, _xlpm.FinalAway=_xlpm.GuessAway), 5 +N("Exact score guessed, 5 points"), IF( AND( SIGN(_xlpm.FinalDiff) = SIGN(_xlpm.GuessDiff), OR(_xlpm.FinalHome=_xlpm.GuessHome, _xlpm.FinalAway=_xlpm.GuessAway) ), 3 +N("Winner and one side score guessed, 3 points"), IF( SIGN(_xlpm.FinalDiff) = SIGN(_xlpm.GuessDiff), 2 +N("Only winner guessed, 2 point"), 0 +N("Wrong guess, 0 points") ) ) ) ) ) -> 0 | BC7: =_xlfn.LET( _xlpm.FinalScore, TRIM(SUBSTITUTE($AW$6," ","")), _xlpm.UserGuess, TRIM(SUBSTITUTE(BB7," ","")), _xlpm.FinalHome, VALUE(LEFT(_xlpm.FinalScore, FIND(":", _xlpm.FinalScore)-1)), _xlpm.FinalAway, VALUE(MID(_xlpm.FinalScore, FIND(":", _xlpm.FinalScore)+1, LEN(_xlpm.FinalScore))), _xlpm.GuessHome, VALUE(LEFT(_xlpm.UserGuess, FIND(":", _xlpm.UserGuess)-1)), _xlpm.GuessAway, VALUE(MID(_xlpm.UserGuess, FIND(":", _xlpm.UserGuess)+1, LEN(_xlpm.UserGuess))), _xlpm.FinalDiff, _xlpm.FinalHome - _xlpm.FinalAway, _xlpm.GuessDiff, _xlpm.GuessHome - _xlpm.GuessAway, IF( OR($AW$6="", BB7=""), 0 +N("If final or guess is missing, 0 points"), IF( AND(_xlpm.FinalHome=_xlpm.GuessHome, _xlpm.FinalAway=_xlpm.GuessAway), 5 +N("Exact score guessed, 5 points"), IF( AND( SIGN(_xlpm.FinalDiff) = SIGN(_xlpm.GuessDiff), OR(_xlpm.FinalHome=_xlpm.GuessHome, _xlpm.FinalAway=_xlpm.GuessAway) ), 3 +N("Winner and one side score guessed, 3 points"), IF( SIGN(_xlpm.FinalDiff) = SIGN(_xlpm.GuessDiff), 2 +N("Only winner guessed, 2 point"), 0 +N("Wrong guess, 0 points") ) ) ) ) ) -> 0 | BE7: =_xlfn.LET( _xlpm.FinalScore, TRIM(SUBSTITUTE($AW$6," ","")), _xlpm.UserGuess, TRIM(SUBSTITUTE(BD7," ","")), _xlpm.FinalHome, VALUE(LEFT(_xlpm.FinalScore, FIND(":", _xlpm.FinalScore)-1)), _xlpm.FinalAway, VALUE(MID(_xlpm.FinalScore, FIND(":", _xlpm.FinalScore)+1, LEN(_xlpm.FinalScore))), _xlpm.GuessHome, VALUE(LEFT(_xlpm.UserGuess, FIND(":", _xlpm.UserGuess)-1)), _xlpm.GuessAway, VALUE(MID(_xlpm.UserGuess, FIND(":", _xlpm.UserGuess)+1, LEN(_xlpm.UserGuess))), _xlpm.FinalDiff, _xlpm.FinalHome - _xlpm.FinalAway, _xlpm.GuessDiff, _xlpm.GuessHome - _xlpm.GuessAway, IF( OR($AW$6="", BD7=""), 0 +N("If final or guess is missing, 0 points"), IF( AND(_xlpm.FinalHome=_xlpm.GuessHome, _xlpm.FinalAway=_xlpm.GuessAway), 5 +N("Exact score guessed, 5 points"), IF( AND( SIGN(_xlpm.FinalDiff) = SIGN(_xlpm.GuessDiff), OR(_xlpm.FinalHome=_xlpm.GuessHome, _xlpm.FinalAway=_xlpm.GuessAway) ), 3 +N("Winner and one side score guessed, 3 points"), IF( SIGN(_xlpm.FinalDiff) = SIGN(_xlpm.GuessDiff), 2 +N("Only winner guessed, 2 point"), 0 +N("Wrong guess, 0 points") ) ) ) ) ) -> 0 | BG7: =_xlfn.LET( _xlpm.FinalScore, TRIM(SUBSTITUTE($AW$6," ","")), _xlpm.UserGuess, TRIM(SUBSTITUTE(BF7," ","")), _xlpm.FinalHome, VALUE(LEFT(_xlpm.FinalScore, FIND(":", _xlpm.FinalScore)-1)), _xlpm.FinalAway, VALUE(MID(_xlpm.FinalScore, FIND(":", _xlpm.FinalScore)+1, LEN(_xlpm.FinalScore))), _xlpm.GuessHome, VALUE(LEFT(_xlpm.UserGuess, FIND(":", _xlpm.UserGuess)-1)), _xlpm.GuessAway, VALUE(MID(_xlpm.UserGuess, FIND(":", _xlpm.UserGuess)+1, LEN(_xlpm.UserGuess))), _xlpm.FinalDiff, _xlpm.FinalHome - _xlpm.FinalAway, _xlpm.GuessDiff, _xlpm.GuessHome - _xlpm.GuessAway, IF( OR($AW$6="", BF7=""), 0 +N("If final or guess is missing, 0 points"), IF( AND(_xlpm.FinalHome=_xlpm.GuessHome, _xlpm.FinalAway=_xlpm.GuessAway), 5 +N("Exact score guessed, 5 points"), IF( AND( SIGN(_xlpm.FinalDiff) = SIGN(_xlpm.GuessDiff), OR(_xlpm.FinalHome=_xlpm.GuessHome, _xlpm.FinalAway=_xlpm.GuessAway) ), 3 +N("Winner and one side score guessed, 3 points"), IF( SIGN(_xlpm.FinalDiff) = SIGN(_xlpm.GuessDiff), 2 +N("Only winner guessed, 2 point"), 0 +N("Wrong guess, 0 points") ) ) ) ) ) -> 0 | BJ7: =_xlfn.LET( _xlpm.FinalScore, TRIM(SUBSTITUTE($AW$6," ","")), _xlpm.UserGuess, TRIM(SUBSTITUTE(BI7," ","")), _xlpm.FinalHome, VALUE(LEFT(_xlpm.FinalScore, FIND(":", _xlpm.FinalScore)-1)), _xlpm.FinalAway, VALUE(MID(_xlpm.FinalScore, FIND(":", _xlpm.FinalScore)+1, LEN(_xlpm.FinalScore))), _xlpm.GuessHome, VALUE(LEFT(_xlpm.UserGuess, FIND(":", _xlpm.UserGuess)-1)), _xlpm.GuessAway, VALUE(MID(_xlpm.UserGuess, FIND(":", _xlpm.UserGuess)+1, LEN(_xlpm.UserGuess))), _xlpm.FinalDiff, _xlpm.FinalHome - _xlpm.FinalAway, _xlpm.GuessDiff, _xlpm.GuessHome - _xlpm.GuessAway, IF( OR($AW$6="", BI7=""), 0 +N("If final or guess is missing, 0 points"), IF( AND(_xlpm.FinalHome=_xlpm.GuessHome, _xlpm.FinalAway=_xlpm.GuessAway), 5 +N("Exact score guessed, 5 points"), IF( AND( SIGN(_xlpm.FinalDiff) = SIGN(_xlpm.GuessDiff), OR(_xlpm.FinalHome=_xlpm.GuessHome, _xlpm.FinalAway=_xlpm.GuessAway) ), 3 +N("Winner and one side score guessed, 3 points"), IF( SIGN(_xlpm.FinalDiff) = SIGN(_xlpm.GuessDiff), 2 +N("Only winner guessed, 2 point"), 0 +N("Wrong guess, 0 points") ) ) ) ) ) -> 0 | BL7: =_xlfn.LET( _xlpm.FinalScore, TRIM(SUBSTITUTE($AW$6," ","")), _xlpm.UserGuess, TRIM(SUBSTITUTE(BK7," ","")), _xlpm.FinalHome, VALUE(LEFT(_xlpm.FinalScore, FIND(":", _xlpm.FinalScore)-1)), _xlpm.FinalAway, VALUE(MID(_xlpm.FinalScore, FIND(":", _xlpm.FinalScore)+1, LEN(_xlpm.FinalScore))), _xlpm.GuessHome, VALUE(LEFT(_xlpm.UserGuess, FIND(":", _xlpm.UserGuess)-1)), _xlpm.GuessAway, VALUE(MID(_xlpm.UserGuess, FIND(":", _xlpm.UserGuess)+1, LEN(_xlpm.UserGuess))), _xlpm.FinalDiff, _xlpm.FinalHome - _xlpm.FinalAway, _xlpm.GuessDiff, _xlpm.GuessHome - _xlpm.GuessAway, IF( OR($AW$6="", BK7=""), 0 +N("If final or guess is missing, 0 points"), IF( AND(_xlpm.FinalHome=_xlpm.GuessHome, _xlpm.FinalAway=_xlpm.GuessAway), 5 +N("Exact score guessed, 5 points"), IF( AND( SIGN(_xlpm.FinalDiff) = SIGN(_xlpm.GuessDiff), OR(_xlpm.FinalHome=_xlpm.GuessHome, _xlpm.FinalAway=_xlpm.GuessAway) ), 3 +N("Winner and one side score guessed, 3 points"), IF( SIGN(_xlpm.FinalDiff) = SIGN(_xlpm.GuessDiff), 2 +N("Only winner guessed, 2 point"), 0 +N("Wrong guess, 0 points") ) ) ) ) ) -> 0 | BN7: =_xlfn.LET( _xlpm.FinalScore, TRIM(SUBSTITUTE($AW$6," ","")), _xlpm.UserGuess, TRIM(SUBSTITUTE(BM7," ","")), _xlpm.FinalHome, VALUE(LEFT(_xlpm.FinalScore, FIND(":", _xlpm.FinalScore)-1)), _xlpm.FinalAway, VALUE(MID(_xlpm.FinalScore, FIND(":", _xlpm.FinalScore)+1, LEN(_xlpm.FinalScore))), _xlpm.GuessHome, VALUE(LEFT(_xlpm.UserGuess, FIND(":", _xlpm.UserGuess)-1)), _xlpm.GuessAway, VALUE(MID(_xlpm.UserGuess, FIND(":", _xlpm.UserGuess)+1, LEN(_xlpm.UserGuess))), _xlpm.FinalDiff, _xlpm.FinalHome - _xlpm.FinalAway, _xlpm.GuessDiff, _xlpm.GuessHome - _xlpm.GuessAway, IF( OR($AW$6="", BM7=""), 0 +N("If final or guess is missing, 0 points"), IF( AND(_xlpm.FinalHome=_xlpm.GuessHome, _xlpm.FinalAway=_xlpm.GuessAway), 5 +N("Exact score guessed, 5 points"), IF( AND( SIGN(_xlpm.FinalDiff) = SIGN(_xlpm.GuessDiff), OR(_xlpm.FinalHome=_xlpm.GuessHome, _xlpm.FinalAway=_xlpm.GuessAway) ), 3 +N("Winner and one side score guessed, 3 points"), IF( SIGN(_xlpm.FinalDiff) = SIGN(_xlpm.GuessDiff), 2 +N("Only winner guessed, 2 point"), 0 +N("Wrong guess, 0 points") ) ) ) ) ) -> 0 | BP7: =_xlfn.LET( _xlpm.FinalScore, TRIM(SUBSTITUTE($AW$6," ","")), _xlpm.UserGuess, TRIM(SUBSTITUTE(BO7," ","")), _xlpm.FinalHome, VALUE(LEFT(_xlpm.FinalScore, FIND(":", _xlpm.FinalScore)-1)), _xlpm.FinalAway, VALUE(MID(_xlpm.FinalScore, FIND(":", _xlpm.FinalScore)+1, LEN(_xlpm.FinalScore))), _xlpm.GuessHome, VALUE(LEFT(_xlpm.UserGuess, FIND(":", _xlpm.UserGuess)-1)), _xlpm.GuessAway, VALUE(MID(_xlpm.UserGuess, FIND(":", _xlpm.UserGuess)+1, LEN(_xlpm.UserGuess))), _xlpm.FinalDiff, _xlpm.FinalHome - _xlpm.FinalAway, _xlpm.GuessDiff, _xlpm.GuessHome - _xlpm.GuessAway, IF( OR($AW$6="", BO7=""), 0 +N("If final or guess is missing, 0 points"), IF( AND(_xlpm.FinalHome=_xlpm.GuessHome, _xlpm.FinalAway=_xlpm.GuessAway), 5 +N("Exact score guessed, 5 points"), IF( AND( SIGN(_xlpm.FinalDiff) = SIGN(_xlpm.GuessDiff), OR(_xlpm.FinalHome=_xlpm.GuessHome, _xlpm.FinalAway=_xlpm.GuessAway) ), 3 +N("Winner and one side score guessed, 3 points"), IF( SIGN(_xlpm.FinalDiff) = SIGN(_xlpm.GuessDiff), 2 +N("Only winner guessed, 2 point"), 0 +N("Wrong guess, 0 points") ) ) ) ) ) -> 0 | BS7: =_xlfn.LET( _xlpm.FinalScore, TRIM(SUBSTITUTE($AW$6," ","")), _xlpm.UserGuess, TRIM(SUBSTITUTE(BR7," ","")), _xlpm.FinalHome, VALUE(LEFT(_xlpm.FinalScore, FIND(":", _xlpm.FinalScore)-1)), _xlpm.FinalAway, VALUE(MID(_xlpm.FinalScore, FIND(":", _xlpm.FinalScore)+1, LEN(_xlpm.FinalScore))), _xlpm.GuessHome, VALUE(LEFT(_xlpm.UserGuess, FIND(":", _xlpm.UserGuess)-1)), _xlpm.GuessAway, VALUE(MID(_xlpm.UserGuess, FIND(":", _xlpm.UserGuess)+1, LEN(_xlpm.UserGuess))), _xlpm.FinalDiff, _xlpm.FinalHome - _xlpm.FinalAway, _xlpm.GuessDiff, _xlpm.GuessHome - _xlpm.GuessAway, IF( OR($AW$6="", BR7=""), 0 +N("If final or guess is missing, 0 points"), IF( AND(_xlpm.FinalHome=_xlpm.GuessHome, _xlpm.FinalAway=_xlpm.GuessAway), 5 +N("Exact score guessed, 5 points"), IF( AND( SIGN(_xlpm.FinalDiff) = SIGN(_xlpm.GuessDiff), OR(_xlpm.FinalHome=_xlpm.GuessHome, _xlpm.FinalAway=_xlpm.GuessAway) ), 3 +N("Winner and one side score guessed, 3 points"), IF( SIGN(_xlpm.FinalDiff) = SIGN(_xlpm.GuessDiff), 2 +N("Only winner guessed, 2 point"), 0 +N("Wrong guess, 0 points") ) ) ) ) ) -> 0 | BU7: =_xlfn.LET( _xlpm.FinalScore, TRIM(SUBSTITUTE($AW$6," ","")), _xlpm.UserGuess, TRIM(SUBSTITUTE(BT7," ","")), _xlpm.FinalHome, VALUE(LEFT(_xlpm.FinalScore, FIND(":", _xlpm.FinalScore)-1)), _xlpm.FinalAway, VALUE(MID(_xlpm.FinalScore, FIND(":", _xlpm.FinalScore)+1, LEN(_xlpm.FinalScore))), _xlpm.GuessHome, VALUE(LEFT(_xlpm.UserGuess, FIND(":", _xlpm.UserGuess)-1)), _xlpm.GuessAway, VALUE(MID(_xlpm.UserGuess, FIND(":", _xlpm.UserGuess)+1, LEN(_xlpm.UserGuess))), _xlpm.FinalDiff, _xlpm.FinalHome - _xlpm.FinalAway, _xlpm.GuessDiff, _xlpm.GuessHome - _xlpm.GuessAway, IF( OR($AW$6="", BT7=""), 0 +N("If final or guess is missing, 0 points"), IF( AND(_xlpm.FinalHome=_xlpm.GuessHome, _xlpm.FinalAway=_xlpm.GuessAway), 5 +N("Exact score guessed, 5 points"), IF( AND( SIGN(_xlpm.FinalDiff) = SIGN(_xlpm.GuessDiff), OR(_xlpm.FinalHome=_xlpm.GuessHome, _xlpm.FinalAway=_xlpm.GuessAway) ), 3 +N("Winner and one side score guessed, 3 points"), IF( SIGN(_xlpm.FinalDiff) = SIGN(_xlpm.GuessDiff), 2 +N("Only winner guessed, 2 point"), 0 +N("Wrong guess, 0 points") ) ) ) ) ) -> 0 | BX7: =_xlfn.LET( _xlpm.FinalScore, TRIM(SUBSTITUTE($AW$6," ","")), _xlpm.UserGuess, TRIM(SUBSTITUTE(BW7," ","")), _xlpm.FinalHome, VALUE(LEFT(_xlpm.FinalScore, FIND(":", _xlpm.FinalScore)-1)), _xlpm.FinalAway, VALUE(MID(_xlpm.FinalScore, FIND(":", _xlpm.FinalScore)+1, LEN(_xlpm.FinalScore))), _xlpm.GuessHome, VALUE(LEFT(_xlpm.UserGuess, FIND(":", _xlpm.UserGuess)-1)), _xlpm.GuessAway, VALUE(MID(_xlpm.UserGuess, FIND(":", _xlpm.UserGuess)+1, LEN(_xlpm.UserGuess))), _xlpm.FinalDiff, _xlpm.FinalHome - _xlpm.FinalAway, _xlpm.GuessDiff, _xlpm.GuessHome - _xlpm.GuessAway, IF( OR($AW$6="", BW7=""), 0 +N("If final or guess is missing, 0 points"), IF( AND(_xlpm.FinalHome=_xlpm.GuessHome, _xlpm.FinalAway=_xlpm.GuessAway), 5 +N("Exact score guessed, 5 points"), IF( AND( SIGN(_xlpm.FinalDiff) = SIGN(_xlpm.GuessDiff), OR(_xlpm.FinalHome=_xlpm.GuessHome, _xlpm.FinalAway=_xlpm.GuessAway) ), 3 +N("Winner and one side score guessed, 3 points"), IF( SIGN(_xlpm.FinalDiff) = SIGN(_xlpm.GuessDiff), 2 +N("Only winner guessed, 2 point"), 0 +N("Wrong guess, 0 points") ) ) ) ) ) -> 0 | CA7: =_xlfn.LET( _xlpm.FinalScore, TRIM(SUBSTITUTE($AW$6," ","")), _xlpm.UserGuess, TRIM(SUBSTITUTE(BZ7," ","")), _xlpm.FinalHome, VALUE(LEFT(_xlpm.FinalScore, FIND(":", _xlpm.FinalScore)-1)), _xlpm.FinalAway, VALUE(MID(_xlpm.FinalScore, FIND(":", _xlpm.FinalScore)+1, LEN(_xlpm.FinalScore))), _xlpm.GuessHome, VALUE(LEFT(_xlpm.UserGuess, FIND(":", _xlpm.UserGuess)-1)), _xlpm.GuessAway, VALUE(MID(_xlpm.UserGuess, FIND(":", _xlpm.UserGuess)+1, LEN(_xlpm.UserGuess))), _xlpm.FinalDiff, _xlpm.FinalHome - _xlpm.FinalAway, _xlpm.GuessDiff, _xlpm.GuessHome - _xlpm.GuessAway, IF( OR($AW$6="", BZ7=""), 0 +N("If final or guess is missing, 0 points"), IF( AND(_xlpm.FinalHome=_xlpm.GuessHome, _xlpm.FinalAway=_xlpm.GuessAway), 5 +N("Exact score guessed, 5 points"), IF( AND( SIGN(_xlpm.FinalDiff) = SIGN(_xlpm.GuessDiff), OR(_xlpm.FinalHome=_xlpm.GuessHome, _xlpm.FinalAway=_xlpm.GuessAway) ), 3 +N("Winner and one side score guessed, 3 points"), IF( SIGN(_xlpm.FinalDiff) = SIGN(_xlpm.GuessDiff), 2 +N("Only winner guessed, 2 point"), 0 +N("Wrong guess, 0 points") ) ) ) ) ) -> 0
A8: 2 | B8: Marek Kramara | C8: marek.kramara@sk.ibm.com | D8: Slovakia | E8: =IF(K8<>"",1,0)+IF(M8<>"",1,0)+IF(P8<>"",1,0)+IF(R8<>"",1,0)+IF(T8<>"",1,0)+IF(V8<>"",1,0)+IF(Y8<>"",1,0)+IF(AA8<>"",1,0)+IF(AC8<>"",1,0)+IF(AE8<>"",1,0)+IF(AH8<>"",1,0)+IF(AJ8<>"",1,0)+IF(AL8<>"",1,0)+IF(AN8<>"",1,0)+IF(AQ8<>"",1,0)+IF(AS8<>"",1,0)+IF(AU8<>"",1,0)+IF(AW8<>"",1,0)+IF(AZ8<>"",1,0)+IF(BB8<>"",1,0)+IF(BD8<>"",1,0)+IF(BF8<>"",1,0)+IF(BI8<>"",1,0)+IF(BK8<>"",1,0)+IF(BM8<>"",1,0)+IF(BO8<>"",1,0) +IF(BR8<>"",1,0) +IF(BT8<>"",1,0) +IF(BW8<>"",1,0) +IF(BZ8<>"",1,0) -> 0 | F8: =IF(L8=4,1,0)+IF(N8=4,1,0)+IF(Q8=4,1,0)+IF(S8=4,1,0)+IF(U8=4,1,0)+IF(W8=4,1,0)+IF(Z8=4,1,0)+IF(AB8=4,1,0)+IF(AD8=4,1,0)+IF(AF8=4,1,0)+IF(AI8=4,1,0)+IF(AK8=4,1,0)+IF(AM8=4,1,0)+IF(AO8=4,1,0)+IF(AR8=4,1,0)+IF(AT8=4,1,0)+IF(AV8=4,1,0)+IF(AX8=4,1,0)+IF(BA8=5,1,0)+IF(BC8=5,1,0)+IF(BE8=5,1,0)+IF(BG8=5,1,0)+IF(BJ8=5,1,0)+IF(BL8=5,1,0)+IF(BN8=5,1,0)+IF(BP8=5,1,0) +IF(BS8=5,1,0) +IF(BU8=5,1,0) +IF(BX8=5,1,0) +IF(CA8=5,1,0) -> 0 | G8: =L8+N8+Q8+S8+U8+W8+Z8+AB8+AD8+AF8+AI8+AK8+AM8+AO8+AR8+AT8+AV8+AX8 -> 0 | H8: =BA8+BC8+BE8+BG8+BJ8+BL8+BN8+BP8 +BS8 +BU8 +BX8 +CA8 -> 0 | I8: =G8+H8 -> 0 | L8: =_xlfn.LET( _xlpm.FinalScore, TRIM(SUBSTITUTE($K$6," ","")), _xlpm.UserGuess, TRIM(SUBSTITUTE(K8," ","")), _xlpm.FinalHome, VALUE(LEFT(_xlpm.FinalScore, FIND(":", _xlpm.FinalScore)-1)), _xlpm.FinalAway, VALUE(MID(_xlpm.FinalScore, FIND(":", _xlpm.FinalScore)+1, LEN(_xlpm.FinalScore))), _xlpm.GuessHome, VALUE(LEFT(_xlpm.UserGuess, FIND(":", _xlpm.UserGuess)-1)), _xlpm.GuessAway, VALUE(MID(_xlpm.UserGuess, FIND(":", _xlpm.UserGuess)+1, LEN(_xlpm.UserGuess))), _xlpm.FinalDiff, _xlpm.FinalHome - _xlpm.FinalAway, _xlpm.GuessDiff, _xlpm.GuessHome - _xlpm.GuessAway, IF( OR($K$6="", K8=""), 0 +N("If final or guess is missing, 0 points"), IF( AND(_xlpm.FinalHome=_xlpm.GuessHome, _xlpm.FinalAway=_xlpm.GuessAway), 4 +N("Exact score guessed, 4 points"), IF( AND( SIGN(_xlpm.FinalDiff) = SIGN(_xlpm.GuessDiff), OR(_xlpm.FinalHome=_xlpm.GuessHome, _xlpm.FinalAway=_xlpm.GuessAway) ), 2 +N("Winner and one side score guessed, 2 points"), IF( SIGN(_xlpm.FinalDiff) = SIGN(_xlpm.GuessDiff), 1 +N("Only winner guessed, 1 point"), 0 +N("Wrong guess, 0 points") ) ) ) ) ) -> 0 | N8: =_xlfn.LET( _xlpm.FinalScore, TRIM(SUBSTITUTE($M$6," ","")), _xlpm.UserGuess, TRIM(SUBSTITUTE(M8," ","")), _xlpm.FinalHome, VALUE(LEFT(_xlpm.FinalScore, FIND(":", _xlpm.FinalScore)-1)), _xlpm.FinalAway, VALUE(MID(_xlpm.FinalScore, FIND(":", _xlpm.FinalScore)+1, LEN(_xlpm.FinalScore))), _xlpm.GuessHome, VALUE(LEFT(_xlpm.UserGuess, FIND(":", _xlpm.UserGuess)-1)), _xlpm.GuessAway, VALUE(MID(_xlpm.UserGuess, FIND(":", _xlpm.UserGuess)+1, LEN(_xlpm.UserGuess))), _xlpm.FinalDiff, _xlpm.FinalHome - _xlpm.FinalAway, _xlpm.GuessDiff, _xlpm.GuessHome - _xlpm.GuessAway, IF( OR($M$6="", M8=""), 0 +N("If final or guess is missing, 0 points"), IF( AND(_xlpm.FinalHome=_xlpm.GuessHome, _xlpm.FinalAway=_xlpm.GuessAway), 4 +N("Exact score guessed, 4 points"), IF( AND( SIGN(_xlpm.FinalDiff) = SIGN(_xlpm.GuessDiff), OR(_xlpm.FinalHome=_xlpm.GuessHome, _xlpm.FinalAway=_xlpm.GuessAway) ), 2 +N("Winner and one side score guessed, 2 points"), IF( SIGN(_xlpm.FinalDiff) = SIGN(_xlpm.GuessDiff), 1 +N("Only winner guessed, 1 point"), 0 +N("Wrong guess, 0 points") ) ) ) ) ) -> 0 | Q8: =_xlfn.LET( _xlpm.FinalScore, TRIM(SUBSTITUTE($P$6," ","")), _xlpm.UserGuess, TRIM(SUBSTITUTE(P8," ","")), _xlpm.FinalHome, VALUE(LEFT(_xlpm.FinalScore, FIND(":", _xlpm.FinalScore)-1)), _xlpm.FinalAway, VALUE(MID(_xlpm.FinalScore, FIND(":", _xlpm.FinalScore)+1, LEN(_xlpm.FinalScore))), _xlpm.GuessHome, VALUE(LEFT(_xlpm.UserGuess, FIND(":", _xlpm.UserGuess)-1)), _xlpm.GuessAway, VALUE(MID(_xlpm.UserGuess, FIND(":", _xlpm.UserGuess)+1, LEN(_xlpm.UserGuess))), _xlpm.FinalDiff, _xlpm.FinalHome - _xlpm.FinalAway, _xlpm.GuessDiff, _xlpm.GuessHome - _xlpm.GuessAway, IF( OR($P$6="", P8=""), 0 +N("If final or guess is missing, 0 points"), IF( AND(_xlpm.FinalHome=_xlpm.GuessHome, _xlpm.FinalAway=_xlpm.GuessAway), 4 +N("Exact score guessed, 4 points"), IF( AND( SIGN(_xlpm.FinalDiff) = SIGN(_xlpm.GuessDiff), OR(_xlpm.FinalHome=_xlpm.GuessHome, _xlpm.FinalAway=_xlpm.GuessAway) ), 2 +N("Winner and one side score guessed, 2 points"), IF( SIGN(_xlpm.FinalDiff) = SIGN(_xlpm.GuessDiff), 1 +N("Only winner guessed, 1 point"), 0 +N("Wrong guess, 0 points") ) ) ) ) ) -> 0 | S8: =_xlfn.LET( _xlpm.FinalScore, TRIM(SUBSTITUTE($R$6," ","")), _xlpm.UserGuess, TRIM(SUBSTITUTE(R8," ","")), _xlpm.FinalHome, VALUE(LEFT(_xlpm.FinalScore, FIND(":", _xlpm.FinalScore)-1)), _xlpm.FinalAway, VALUE(MID(_xlpm.FinalScore, FIND(":", _xlpm.FinalScore)+1, LEN(_xlpm.FinalScore))), _xlpm.GuessHome, VALUE(LEFT(_xlpm.UserGuess, FIND(":", _xlpm.UserGuess)-1)), _xlpm.GuessAway, VALUE(MID(_xlpm.UserGuess, FIND(":", _xlpm.UserGuess)+1, LEN(_xlpm.UserGuess))), _xlpm.FinalDiff, _xlpm.FinalHome - _xlpm.FinalAway, _xlpm.GuessDiff, _xlpm.GuessHome - _xlpm.GuessAway, IF( OR($R$6="", R8=""), 0 +N("If final or guess is missing, 0 points"), IF( AND(_xlpm.FinalHome=_xlpm.GuessHome, _xlpm.FinalAway=_xlpm.GuessAway), 4 +N("Exact score guessed, 4 points"), IF( AND( SIGN(_xlpm.FinalDiff) = SIGN(_xlpm.GuessDiff), OR(_xlpm.FinalHome=_xlpm.GuessHome, _xlpm.FinalAway=_xlpm.GuessAway) ), 2 +N("Winner and one side score guessed, 2 points"), IF( SIGN(_xlpm.FinalDiff) = SIGN(_xlpm.GuessDiff), 1 +N("Only winner guessed, 1 point"), 0 +N("Wrong guess, 0 points") ) ) ) ) ) -> 0 | U8: =_xlfn.LET( _xlpm.FinalScore, TRIM(SUBSTITUTE($T$6," ","")), _xlpm.UserGuess, TRIM(SUBSTITUTE(T8," ","")), _xlpm.FinalHome, VALUE(LEFT(_xlpm.FinalScore, FIND(":", _xlpm.FinalScore)-1)), _xlpm.FinalAway, VALUE(MID(_xlpm.FinalScore, FIND(":", _xlpm.FinalScore)+1, LEN(_xlpm.FinalScore))), _xlpm.GuessHome, VALUE(LEFT(_xlpm.UserGuess, FIND(":", _xlpm.UserGuess)-1)), _xlpm.GuessAway, VALUE(MID(_xlpm.UserGuess, FIND(":", _xlpm.UserGuess)+1, LEN(_xlpm.UserGuess))), _xlpm.FinalDiff, _xlpm.FinalHome - _xlpm.FinalAway, _xlpm.GuessDiff, _xlpm.GuessHome - _xlpm.GuessAway, IF( OR($T$6="", T8=""), 0 +N("If final or guess is missing, 0 points"), IF( AND(_xlpm.FinalHome=_xlpm.GuessHome, _xlpm.FinalAway=_xlpm.GuessAway), 4 +N("Exact score guessed, 4 points"), IF( AND( SIGN(_xlpm.FinalDiff) = SIGN(_xlpm.GuessDiff), OR(_xlpm.FinalHome=_xlpm.GuessHome, _xlpm.FinalAway=_xlpm.GuessAway) ), 2 +N("Winner and one side score guessed, 2 points"), IF( SIGN(_xlpm.FinalDiff) = SIGN(_xlpm.GuessDiff), 1 +N("Only winner guessed, 1 point"), 0 +N("Wrong guess, 0 points") ) ) ) ) ) -> 0 | W8: =_xlfn.LET( _xlpm.FinalScore, TRIM(SUBSTITUTE($V$6," ","")), _xlpm.UserGuess, TRIM(SUBSTITUTE(V8," ","")), _xlpm.FinalHome, VALUE(LEFT(_xlpm.FinalScore, FIND(":", _xlpm.FinalScore)-1)), _xlpm.FinalAway, VALUE(MID(_xlpm.FinalScore, FIND(":", _xlpm.FinalScore)+1, LEN(_xlpm.FinalScore))), _xlpm.GuessHome, VALUE(LEFT(_xlpm.UserGuess, FIND(":", _xlpm.UserGuess)-1)), _xlpm.GuessAway, VALUE(MID(_xlpm.UserGuess, FIND(":", _xlpm.UserGuess)+1, LEN(_xlpm.UserGuess))), _xlpm.FinalDiff, _xlpm.FinalHome - _xlpm.FinalAway, _xlpm.GuessDiff, _xlpm.GuessHome - _xlpm.GuessAway, IF( OR($V$6="", V8=""), 0 +N("If final or guess is missing, 0 points"), IF( AND(_xlpm.FinalHome=_xlpm.GuessHome, _xlpm.FinalAway=_xlpm.GuessAway), 4 +N("Exact score guessed, 4 points"), IF( AND( SIGN(_xlpm.FinalDiff) = SIGN(_xlpm.GuessDiff), OR(_xlpm.FinalHome=_xlpm.GuessHome, _xlpm.FinalAway=_xlpm.GuessAway) ), 2 +N("Winner and one side score guessed, 2 points"), IF( SIGN(_xlpm.FinalDiff) = SIGN(_xlpm.GuessDiff), 1 +N("Only winner guessed, 1 point"), 0 +N("Wrong guess, 0 points") ) ) ) ) ) -> 0 | Z8: =_xlfn.LET( _xlpm.FinalScore, TRIM(SUBSTITUTE($Y$6," ","")), _xlpm.UserGuess, TRIM(SUBSTITUTE(Y8," ","")), _xlpm.FinalHome, VALUE(LEFT(_xlpm.FinalScore, FIND(":", _xlpm.FinalScore)-1)), _xlpm.FinalAway, VALUE(MID(_xlpm.FinalScore, FIND(":", _xlpm.FinalScore)+1, LEN(_xlpm.FinalScore))), _xlpm.GuessHome, VALUE(LEFT(_xlpm.UserGuess, FIND(":", _xlpm.UserGuess)-1)), _xlpm.GuessAway, VALUE(MID(_xlpm.UserGuess, FIND(":", _xlpm.UserGuess)+1, LEN(_xlpm.UserGuess))), _xlpm.FinalDiff, _xlpm.FinalHome - _xlpm.FinalAway, _xlpm.GuessDiff, _xlpm.GuessHome - _xlpm.GuessAway, IF( OR($Y$6="", Y8=""), 0 +N("If final or guess is missing, 0 points"), IF( AND(_xlpm.FinalHome=_xlpm.GuessHome, _xlpm.FinalAway=_xlpm.GuessAway), 4 +N("Exact score guessed, 4 points"), IF( AND( SIGN(_xlpm.FinalDiff) = SIGN(_xlpm.GuessDiff), OR(_xlpm.FinalHome=_xlpm.GuessHome, _xlpm.FinalAway=_xlpm.GuessAway) ), 2 +N("Winner and one side score guessed, 2 points"), IF( SIGN(_xlpm.FinalDiff) = SIGN(_xlpm.GuessDiff), 1 +N("Only winner guessed, 1 point"), 0 +N("Wrong guess, 0 points") ) ) ) ) ) -> 0 | AB8: =_xlfn.LET( _xlpm.FinalScore, TRIM(SUBSTITUTE($AA$6," ","")), _xlpm.UserGuess, TRIM(SUBSTITUTE(AA8," ","")), _xlpm.FinalHome, VALUE(LEFT(_xlpm.FinalScore, FIND(":", _xlpm.FinalScore)-1)), _xlpm.FinalAway, VALUE(MID(_xlpm.FinalScore, FIND(":", _xlpm.FinalScore)+1, LEN(_xlpm.FinalScore))), _xlpm.GuessHome, VALUE(LEFT(_xlpm.UserGuess, FIND(":", _xlpm.UserGuess)-1)), _xlpm.GuessAway, VALUE(MID(_xlpm.UserGuess, FIND(":", _xlpm.UserGuess)+1, LEN(_xlpm.UserGuess))), _xlpm.FinalDiff, _xlpm.FinalHome - _xlpm.FinalAway, _xlpm.GuessDiff, _xlpm.GuessHome - _xlpm.GuessAway, IF( OR($AA$6="", AA8=""), 0 +N("If final or guess is missing, 0 points"), IF( AND(_xlpm.FinalHome=_xlpm.GuessHome, _xlpm.FinalAway=_xlpm.GuessAway), 4 +N("Exact score guessed, 4 points"), IF( AND( SIGN(_xlpm.FinalDiff) = SIGN(_xlpm.GuessDiff), OR(_xlpm.FinalHome=_xlpm.GuessHome, _xlpm.FinalAway=_xlpm.GuessAway) ), 2 +N("Winner and one side score guessed, 2 points"), IF( SIGN(_xlpm.FinalDiff) = SIGN(_xlpm.GuessDiff), 1 +N("Only winner guessed, 1 point"), 0 +N("Wrong guess, 0 points") ) ) ) ) ) -> 0 | AD8: =_xlfn.LET( _xlpm.FinalScore, TRIM(SUBSTITUTE($AC$6," ","")), _xlpm.UserGuess, TRIM(SUBSTITUTE(AC8," ","")), _xlpm.FinalHome, VALUE(LEFT(_xlpm.FinalScore, FIND(":", _xlpm.FinalScore)-1)), _xlpm.FinalAway, VALUE(MID(_xlpm.FinalScore, FIND(":", _xlpm.FinalScore)+1, LEN(_xlpm.FinalScore))), _xlpm.GuessHome, VALUE(LEFT(_xlpm.UserGuess, FIND(":", _xlpm.UserGuess)-1)), _xlpm.GuessAway, VALUE(MID(_xlpm.UserGuess, FIND(":", _xlpm.UserGuess)+1, LEN(_xlpm.UserGuess))), _xlpm.FinalDiff, _xlpm.FinalHome - _xlpm.FinalAway, _xlpm.GuessDiff, _xlpm.GuessHome - _xlpm.GuessAway, IF( OR($AC$6="", AC8=""), 0 +N("If final or guess is missing, 0 points"), IF( AND(_xlpm.FinalHome=_xlpm.GuessHome, _xlpm.FinalAway=_xlpm.GuessAway), 4 +N("Exact score guessed, 4 points"), IF( AND( SIGN(_xlpm.FinalDiff) = SIGN(_xlpm.GuessDiff), OR(_xlpm.FinalHome=_xlpm.GuessHome, _xlpm.FinalAway=_xlpm.GuessAway) ), 2 +N("Winner and one side score guessed, 2 points"), IF( SIGN(_xlpm.FinalDiff) = SIGN(_xlpm.GuessDiff), 1 +N("Only winner guessed, 1 point"), 0 +N("Wrong guess, 0 points") ) ) ) ) ) -> 0 | AF8: =_xlfn.LET( _xlpm.FinalScore, TRIM(SUBSTITUTE($AE$6," ","")), _xlpm.UserGuess, TRIM(SUBSTITUTE(AE8," ","")), _xlpm.FinalHome, VALUE(LEFT(_xlpm.FinalScore, FIND(":", _xlpm.FinalScore)-1)), _xlpm.FinalAway, VALUE(MID(_xlpm.FinalScore, FIND(":", _xlpm.FinalScore)+1, LEN(_xlpm.FinalScore))), _xlpm.GuessHome, VALUE(LEFT(_xlpm.UserGuess, FIND(":", _xlpm.UserGuess)-1)), _xlpm.GuessAway, VALUE(MID(_xlpm.UserGuess, FIND(":", _xlpm.UserGuess)+1, LEN(_xlpm.UserGuess))), _xlpm.FinalDiff, _xlpm.FinalHome - _xlpm.FinalAway, _xlpm.GuessDiff, _xlpm.GuessHome - _xlpm.GuessAway, IF( OR($AE$6="", AE8=""), 0 +N("If final or guess is missing, 0 points"), IF( AND(_xlpm.FinalHome=_xlpm.GuessHome, _xlpm.FinalAway=_xlpm.GuessAway), 4 +N("Exact score guessed, 4 points"), IF( AND( SIGN(_xlpm.FinalDiff) = SIGN(_xlpm.GuessDiff), OR(_xlpm.FinalHome=_xlpm.GuessHome, _xlpm.FinalAway=_xlpm.GuessAway) ), 2 +N("Winner and one side score guessed, 2 points"), IF( SIGN(_xlpm.FinalDiff) = SIGN(_xlpm.GuessDiff), 1 +N("Only winner guessed, 1 point"), 0 +N("Wrong guess, 0 points") ) ) ) ) ) -> 0 | AI8: =_xlfn.LET( _xlpm.FinalScore, TRIM(SUBSTITUTE($AH$6," ","")), _xlpm.UserGuess, TRIM(SUBSTITUTE(AH8," ","")), _xlpm.FinalHome, VALUE(LEFT(_xlpm.FinalScore, FIND(":", _xlpm.FinalScore)-1)), _xlpm.FinalAway, VALUE(MID(_xlpm.FinalScore, FIND(":", _xlpm.FinalScore)+1, LEN(_xlpm.FinalScore))), _xlpm.GuessHome, VALUE(LEFT(_xlpm.UserGuess, FIND(":", _xlpm.UserGuess)-1)), _xlpm.GuessAway, VALUE(MID(_xlpm.UserGuess, FIND(":", _xlpm.UserGuess)+1, LEN(_xlpm.UserGuess))), _xlpm.FinalDiff, _xlpm.FinalHome - _xlpm.FinalAway, _xlpm.GuessDiff, _xlpm.GuessHome - _xlpm.GuessAway, IF( OR($AH$6="", AH8=""), 0 +N("If final or guess is missing, 0 points"), IF( AND(_xlpm.FinalHome=_xlpm.GuessHome, _xlpm.FinalAway=_xlpm.GuessAway), 4 +N("Exact score guessed, 4 points"), IF( AND( SIGN(_xlpm.FinalDiff) = SIGN(_xlpm.GuessDiff), OR(_xlpm.FinalHome=_xlpm.GuessHome, _xlpm.FinalAway=_xlpm.GuessAway) ), 2 +N("Winner and one side score guessed, 2 points"), IF( SIGN(_xlpm.FinalDiff) = SIGN(_xlpm.GuessDiff), 1 +N("Only winner guessed, 1 point"), 0 +N("Wrong guess, 0 points") ) ) ) ) ) -> 0 | AK8: =_xlfn.LET( _xlpm.FinalScore,TRIM(SUBSTITUTE($AJ$6," ","")), _xlpm.UserGuess,TRIM(SUBSTITUTE(AJ8," ","")), _xlpm.FinalHome,VALUE(LEFT(_xlpm.FinalScore,FIND(":",_xlpm.FinalScore)-1)), _xlpm.FinalAway,VALUE(MID(_xlpm.FinalScore,FIND(":",_xlpm.FinalScore)+1,LEN(_xlpm.FinalScore))), _xlpm.GuessHome,VALUE(LEFT(_xlpm.UserGuess,FIND(":",_xlpm.UserGuess)-1)), _xlpm.GuessAway,VALUE(MID(_xlpm.UserGuess,FIND(":",_xlpm.UserGuess)+1,LEN(_xlpm.UserGuess))), _xlpm.FinalDiff,_xlpm.FinalHome-_xlpm.FinalAway, _xlpm.GuessDiff,_xlpm.GuessHome-_xlpm.GuessAway, IF( OR($AJ$6="",AJ8=""), 0+N("If final or guess is missing, 0 points"), IF( AND(_xlpm.FinalHome=_xlpm.GuessHome,_xlpm.FinalAway=_xlpm.GuessAway), 4+N("Exact score guessed, 4 points"), IF( AND( SIGN(_xlpm.FinalDiff)=SIGN(_xlpm.GuessDiff), OR(_xlpm.FinalHome=_xlpm.GuessHome,_xlpm.FinalAway=_xlpm.GuessAway) ), 2+N("Winner and one side score guessed, 2 points"), IF( SIGN(_xlpm.FinalDiff)=SIGN(_xlpm.GuessDiff), 1+N("Only winner guessed, 1 point"), 0+N("Wrong guess, 0 points") ) ) ) ) ) -> 0 | AM8: =_xlfn.LET( _xlpm.FinalScore, TRIM(SUBSTITUTE($AL$6," ","")), _xlpm.UserGuess, TRIM(SUBSTITUTE(AL8," ","")), _xlpm.FinalHome, VALUE(LEFT(_xlpm.FinalScore, FIND(":", _xlpm.FinalScore)-1)), _xlpm.FinalAway, VALUE(MID(_xlpm.FinalScore, FIND(":", _xlpm.FinalScore)+1, LEN(_xlpm.FinalScore))), _xlpm.GuessHome, VALUE(LEFT(_xlpm.UserGuess, FIND(":", _xlpm.UserGuess)-1)), _xlpm.GuessAway, VALUE(MID(_xlpm.UserGuess, FIND(":", _xlpm.UserGuess)+1, LEN(_xlpm.UserGuess))), _xlpm.FinalDiff, _xlpm.FinalHome - _xlpm.FinalAway, _xlpm.GuessDiff, _xlpm.GuessHome - _xlpm.GuessAway, IF( OR($AL$6="", AL8=""), 0 +N("If final or guess is missing, 0 points"), IF( AND(_xlpm.FinalHome=_xlpm.GuessHome, _xlpm.FinalAway=_xlpm.GuessAway), 4 +N("Exact score guessed, 4 points"), IF( AND( SIGN(_xlpm.FinalDiff) = SIGN(_xlpm.GuessDiff), OR(_xlpm.FinalHome=_xlpm.GuessHome, _xlpm.FinalAway=_xlpm.GuessAway) ), 2 +N("Winner and one side score guessed, 2 points"), IF( SIGN(_xlpm.FinalDiff) = SIGN(_xlpm.GuessDiff), 1 +N("Only winner guessed, 1 point"), 0 +N("Wrong guess, 0 points") ) ) ) ) ) -> 0 | AO8: =_xlfn.LET( _xlpm.FinalScore, TRIM(SUBSTITUTE($AN$6," ","")), _xlpm.UserGuess, TRIM(SUBSTITUTE(AN8," ","")), _xlpm.FinalHome, VALUE(LEFT(_xlpm.FinalScore, FIND(":", _xlpm.FinalScore)-1)), _xlpm.FinalAway, VALUE(MID(_xlpm.FinalScore, FIND(":", _xlpm.FinalScore)+1, LEN(_xlpm.FinalScore))), _xlpm.GuessHome, VALUE(LEFT(_xlpm.UserGuess, FIND(":", _xlpm.UserGuess)-1)), _xlpm.GuessAway, VALUE(MID(_xlpm.UserGuess, FIND(":", _xlpm.UserGuess)+1, LEN(_xlpm.UserGuess))), _xlpm.FinalDiff, _xlpm.FinalHome - _xlpm.FinalAway, _xlpm.GuessDiff, _xlpm.GuessHome - _xlpm.GuessAway, IF( OR($AN$6="", AN8=""), 0 +N("If final or guess is missing, 0 points"), IF( AND(_xlpm.FinalHome=_xlpm.GuessHome, _xlpm.FinalAway=_xlpm.GuessAway), 4 +N("Exact score guessed, 4 points"), IF( AND( SIGN(_xlpm.FinalDiff) = SIGN(_xlpm.GuessDiff), OR(_xlpm.FinalHome=_xlpm.GuessHome, _xlpm.FinalAway=_xlpm.GuessAway) ), 2 +N("Winner and one side score guessed, 2 points"), IF( SIGN(_xlpm.FinalDiff) = SIGN(_xlpm.GuessDiff), 1 +N("Only winner guessed, 1 point"), 0 +N("Wrong guess, 0 points") ) ) ) ) ) -> 0 | AR8: =_xlfn.LET( _xlpm.FinalScore, TRIM(SUBSTITUTE($AQ$6," ","")), _xlpm.UserGuess, TRIM(SUBSTITUTE(AQ8," ","")), _xlpm.FinalHome, VALUE(LEFT(_xlpm.FinalScore, FIND(":", _xlpm.FinalScore)-1)), _xlpm.FinalAway, VALUE(MID(_xlpm.FinalScore, FIND(":", _xlpm.FinalScore)+1, LEN(_xlpm.FinalScore))), _xlpm.GuessHome, VALUE(LEFT(_xlpm.UserGuess, FIND(":", _xlpm.UserGuess)-1)), _xlpm.GuessAway, VALUE(MID(_xlpm.UserGuess, FIND(":", _xlpm.UserGuess)+1, LEN(_xlpm.UserGuess))), _xlpm.FinalDiff, _xlpm.FinalHome - _xlpm.FinalAway, _xlpm.GuessDiff, _xlpm.GuessHome - _xlpm.GuessAway, IF( OR($AQ$6="", AQ8=""), 0 +N("If final or guess is missing, 0 points"), IF( AND(_xlpm.FinalHome=_xlpm.GuessHome, _xlpm.FinalAway=_xlpm.GuessAway), 4 +N("Exact score guessed, 4 points"), IF( AND( SIGN(_xlpm.FinalDiff) = SIGN(_xlpm.GuessDiff), OR(_xlpm.FinalHome=_xlpm.GuessHome, _xlpm.FinalAway=_xlpm.GuessAway) ), 2 +N("Winner and one side score guessed, 2 points"), IF( SIGN(_xlpm.FinalDiff) = SIGN(_xlpm.GuessDiff), 1 +N("Only winner guessed, 1 point"), 0 +N("Wrong guess, 0 points") ) ) ) ) ) -> 0 | AT8: =_xlfn.LET( _xlpm.FinalScore, TRIM(SUBSTITUTE($AS$6," ","")), _xlpm.UserGuess, TRIM(SUBSTITUTE(AS8," ","")), _xlpm.FinalHome, VALUE(LEFT(_xlpm.FinalScore, FIND(":", _xlpm.FinalScore)-1)), _xlpm.FinalAway, VALUE(MID(_xlpm.FinalScore, FIND(":", _xlpm.FinalScore)+1, LEN(_xlpm.FinalScore))), _xlpm.GuessHome, VALUE(LEFT(_xlpm.UserGuess, FIND(":", _xlpm.UserGuess)-1)), _xlpm.GuessAway, VALUE(MID(_xlpm.UserGuess, FIND(":", _xlpm.UserGuess)+1, LEN(_xlpm.UserGuess))), _xlpm.FinalDiff, _xlpm.FinalHome - _xlpm.FinalAway, _xlpm.GuessDiff, _xlpm.GuessHome - _xlpm.GuessAway, IF( OR($AS$6="", AS8=""), 0 +N("If final or guess is missing, 0 points"), IF( AND(_xlpm.FinalHome=_xlpm.GuessHome, _xlpm.FinalAway=_xlpm.GuessAway), 4 +N("Exact score guessed, 4 points"), IF( AND( SIGN(_xlpm.FinalDiff) = SIGN(_xlpm.GuessDiff), OR(_xlpm.FinalHome=_xlpm.GuessHome, _xlpm.FinalAway=_xlpm.GuessAway) ), 2 +N("Winner and one side score guessed, 2 points"), IF( SIGN(_xlpm.FinalDiff) = SIGN(_xlpm.GuessDiff), 1 +N("Only winner guessed, 1 point"), 0 +N("Wrong guess, 0 points") ) ) ) ) ) -> 0 | AV8: =_xlfn.LET( _xlpm.FinalScore, TRIM(SUBSTITUTE($AU$6," ","")), _xlpm.UserGuess, TRIM(SUBSTITUTE(AU8," ","")), _xlpm.FinalHome, VALUE(LEFT(_xlpm.FinalScore, FIND(":", _xlpm.FinalScore)-1)), _xlpm.FinalAway, VALUE(MID(_xlpm.FinalScore, FIND(":", _xlpm.FinalScore)+1, LEN(_xlpm.FinalScore))), _xlpm.GuessHome, VALUE(LEFT(_xlpm.UserGuess, FIND(":", _xlpm.UserGuess)-1)), _xlpm.GuessAway, VALUE(MID(_xlpm.UserGuess, FIND(":", _xlpm.UserGuess)+1, LEN(_xlpm.UserGuess))), _xlpm.FinalDiff, _xlpm.FinalHome - _xlpm.FinalAway, _xlpm.GuessDiff, _xlpm.GuessHome - _xlpm.GuessAway, IF( OR($AU$6="", AU8=""), 0 +N("If final or guess is missing, 0 points"), IF( AND(_xlpm.FinalHome=_xlpm.GuessHome, _xlpm.FinalAway=_xlpm.GuessAway), 4 +N("Exact score guessed, 4 points"), IF( AND( SIGN(_xlpm.FinalDiff) = SIGN(_xlpm.GuessDiff), OR(_xlpm.FinalHome=_xlpm.GuessHome, _xlpm.FinalAway=_xlpm.GuessAway) ), 2 +N("Winner and one side score guessed, 2 points"), IF( SIGN(_xlpm.FinalDiff) = SIGN(_xlpm.GuessDiff), 1 +N("Only winner guessed, 1 point"), 0 +N("Wrong guess, 0 points") ) ) ) ) ) -> 0 | AX8: =_xlfn.LET( _xlpm.FinalScore, TRIM(SUBSTITUTE($AW$6," ","")), _xlpm.UserGuess, TRIM(SUBSTITUTE(AW8," ","")), _xlpm.FinalHome, VALUE(LEFT(_xlpm.FinalScore, FIND(":", _xlpm.FinalScore)-1)), _xlpm.FinalAway, VALUE(MID(_xlpm.FinalScore, FIND(":", _xlpm.FinalScore)+1, LEN(_xlpm.FinalScore))), _xlpm.GuessHome, VALUE(LEFT(_xlpm.UserGuess, FIND(":", _xlpm.UserGuess)-1)), _xlpm.GuessAway, VALUE(MID(_xlpm.UserGuess, FIND(":", _xlpm.UserGuess)+1, LEN(_xlpm.UserGuess))), _xlpm.FinalDiff, _xlpm.FinalHome - _xlpm.FinalAway, _xlpm.GuessDiff, _xlpm.GuessHome - _xlpm.GuessAway, IF( OR($AW$6="", AW8=""), 0 +N("If final or guess is missing, 0 points"), IF( AND(_xlpm.FinalHome=_xlpm.GuessHome, _xlpm.FinalAway=_xlpm.GuessAway), 4 +N("Exact score guessed, 4 points"), IF( AND( SIGN(_xlpm.FinalDiff) = SIGN(_xlpm.GuessDiff), OR(_xlpm.FinalHome=_xlpm.GuessHome, _xlpm.FinalAway=_xlpm.GuessAway) ), 2 +N("Winner and one side score guessed, 2 points"), IF( SIGN(_xlpm.FinalDiff) = SIGN(_xlpm.GuessDiff), 1 +N("Only winner guessed, 1 point"), 0 +N("Wrong guess, 0 points") ) ) ) ) ) -> 0 | BA8: =_xlfn.LET( _xlpm.FinalScore, TRIM(SUBSTITUTE($AW$6," ","")), _xlpm.UserGuess, TRIM(SUBSTITUTE(AZ8," ","")), _xlpm.FinalHome, VALUE(LEFT(_xlpm.FinalScore, FIND(":", _xlpm.FinalScore)-1)), _xlpm.FinalAway, VALUE(MID(_xlpm.FinalScore, FIND(":", _xlpm.FinalScore)+1, LEN(_xlpm.FinalScore))), _xlpm.GuessHome, VALUE(LEFT(_xlpm.UserGuess, FIND(":", _xlpm.UserGuess)-1)), _xlpm.GuessAway, VALUE(MID(_xlpm.UserGuess, FIND(":", _xlpm.UserGuess)+1, LEN(_xlpm.UserGuess))), _xlpm.FinalDiff, _xlpm.FinalHome - _xlpm.FinalAway, _xlpm.GuessDiff, _xlpm.GuessHome - _xlpm.GuessAway, IF( OR($AW$6="", AZ8=""), 0 +N("If final or guess is missing, 0 points"), IF( AND(_xlpm.FinalHome=_xlpm.GuessHome, _xlpm.FinalAway=_xlpm.GuessAway), 5 +N("Exact score guessed, 5 points"), IF( AND( SIGN(_xlpm.FinalDiff) = SIGN(_xlpm.GuessDiff), OR(_xlpm.FinalHome=_xlpm.GuessHome, _xlpm.FinalAway=_xlpm.GuessAway) ), 3 +N("Winner and one side score guessed, 3 points"), IF( SIGN(_xlpm.FinalDiff) = SIGN(_xlpm.GuessDiff), 2 +N("Only winner guessed, 2 point"), 0 +N("Wrong guess, 0 points") ) ) ) ) ) -> 0 | BC8: =_xlfn.LET( _xlpm.FinalScore, TRIM(SUBSTITUTE($AW$6," ","")), _xlpm.UserGuess, TRIM(SUBSTITUTE(BB8," ","")), _xlpm.FinalHome, VALUE(LEFT(_xlpm.FinalScore, FIND(":", _xlpm.FinalScore)-1)), _xlpm.FinalAway, VALUE(MID(_xlpm.FinalScore, FIND(":", _xlpm.FinalScore)+1, LEN(_xlpm.FinalScore))), _xlpm.GuessHome, VALUE(LEFT(_xlpm.UserGuess, FIND(":", _xlpm.UserGuess)-1)), _xlpm.GuessAway, VALUE(MID(_xlpm.UserGuess, FIND(":", _xlpm.UserGuess)+1, LEN(_xlpm.UserGuess))), _xlpm.FinalDiff, _xlpm.FinalHome - _xlpm.FinalAway, _xlpm.GuessDiff, _xlpm.GuessHome - _xlpm.GuessAway, IF( OR($AW$6="", BB8=""), 0 +N("If final or guess is missing, 0 points"), IF( AND(_xlpm.FinalHome=_xlpm.GuessHome, _xlpm.FinalAway=_xlpm.GuessAway), 5 +N("Exact score guessed, 5 points"), IF( AND( SIGN(_xlpm.FinalDiff) = SIGN(_xlpm.GuessDiff), OR(_xlpm.FinalHome=_xlpm.GuessHome, _xlpm.FinalAway=_xlpm.GuessAway) ), 3 +N("Winner and one side score guessed, 3 points"), IF( SIGN(_xlpm.FinalDiff) = SIGN(_xlpm.GuessDiff), 2 +N("Only winner guessed, 2 point"), 0 +N("Wrong guess, 0 points") ) ) ) ) ) -> 0 | BE8: =_xlfn.LET( _xlpm.FinalScore, TRIM(SUBSTITUTE($AW$6," ","")), _xlpm.UserGuess, TRIM(SUBSTITUTE(BD8," ","")), _xlpm.FinalHome, VALUE(LEFT(_xlpm.FinalScore, FIND(":", _xlpm.FinalScore)-1)), _xlpm.FinalAway, VALUE(MID(_xlpm.FinalScore, FIND(":", _xlpm.FinalScore)+1, LEN(_xlpm.FinalScore))), _xlpm.GuessHome, VALUE(LEFT(_xlpm.UserGuess, FIND(":", _xlpm.UserGuess)-1)), _xlpm.GuessAway, VALUE(MID(_xlpm.UserGuess, FIND(":", _xlpm.UserGuess)+1, LEN(_xlpm.UserGuess))), _xlpm.FinalDiff, _xlpm.FinalHome - _xlpm.FinalAway, _xlpm.GuessDiff, _xlpm.GuessHome - _xlpm.GuessAway, IF( OR($AW$6="", BD8=""), 0 +N("If final or guess is missing, 0 points"), IF( AND(_xlpm.FinalHome=_xlpm.GuessHome, _xlpm.FinalAway=_xlpm.GuessAway), 5 +N("Exact score guessed, 5 points"), IF( AND( SIGN(_xlpm.FinalDiff) = SIGN(_xlpm.GuessDiff), OR(_xlpm.FinalHome=_xlpm.GuessHome, _xlpm.FinalAway=_xlpm.GuessAway) ), 3 +N("Winner and one side score guessed, 3 points"), IF( SIGN(_xlpm.FinalDiff) = SIGN(_xlpm.GuessDiff), 2 +N("Only winner guessed, 2 point"), 0 +N("Wrong guess, 0 points") ) ) ) ) ) -> 0 | BG8: =_xlfn.LET( _xlpm.FinalScore, TRIM(SUBSTITUTE($AW$6," ","")), _xlpm.UserGuess, TRIM(SUBSTITUTE(BF8," ","")), _xlpm.FinalHome, VALUE(LEFT(_xlpm.FinalScore, FIND(":", _xlpm.FinalScore)-1)), _xlpm.FinalAway, VALUE(MID(_xlpm.FinalScore, FIND(":", _xlpm.FinalScore)+1, LEN(_xlpm.FinalScore))), _xlpm.GuessHome, VALUE(LEFT(_xlpm.UserGuess, FIND(":", _xlpm.UserGuess)-1)), _xlpm.GuessAway, VALUE(MID(_xlpm.UserGuess, FIND(":", _xlpm.UserGuess)+1, LEN(_xlpm.UserGuess))), _xlpm.FinalDiff, _xlpm.FinalHome - _xlpm.FinalAway, _xlpm.GuessDiff, _xlpm.GuessHome - _xlpm.GuessAway, IF( OR($AW$6="", BF8=""), 0 +N("If final or guess is missing, 0 points"), IF( AND(_xlpm.FinalHome=_xlpm.GuessHome, _xlpm.FinalAway=_xlpm.GuessAway), 5 +N("Exact score guessed, 5 points"), IF( AND( SIGN(_xlpm.FinalDiff) = SIGN(_xlpm.GuessDiff), OR(_xlpm.FinalHome=_xlpm.GuessHome, _xlpm.FinalAway=_xlpm.GuessAway) ), 3 +N("Winner and one side score guessed, 3 points"), IF( SIGN(_xlpm.FinalDiff) = SIGN(_xlpm.GuessDiff), 2 +N("Only winner guessed, 2 point"), 0 +N("Wrong guess, 0 points") ) ) ) ) ) -> 0 | BJ8: =_xlfn.LET( _xlpm.FinalScore, TRIM(SUBSTITUTE($AW$6," ","")), _xlpm.UserGuess, TRIM(SUBSTITUTE(BI8," ","")), _xlpm.FinalHome, VALUE(LEFT(_xlpm.FinalScore, FIND(":", _xlpm.FinalScore)-1)), _xlpm.FinalAway, VALUE(MID(_xlpm.FinalScore, FIND(":", _xlpm.FinalScore)+1, LEN(_xlpm.FinalScore))), _xlpm.GuessHome, VALUE(LEFT(_xlpm.UserGuess, FIND(":", _xlpm.UserGuess)-1)), _xlpm.GuessAway, VALUE(MID(_xlpm.UserGuess, FIND(":", _xlpm.UserGuess)+1, LEN(_xlpm.UserGuess))), _xlpm.FinalDiff, _xlpm.FinalHome - _xlpm.FinalAway, _xlpm.GuessDiff, _xlpm.GuessHome - _xlpm.GuessAway, IF( OR($AW$6="", BI8=""), 0 +N("If final or guess is missing, 0 points"), IF( AND(_xlpm.FinalHome=_xlpm.GuessHome, _xlpm.FinalAway=_xlpm.GuessAway), 5 +N("Exact score guessed, 5 points"), IF( AND( SIGN(_xlpm.FinalDiff) = SIGN(_xlpm.GuessDiff), OR(_xlpm.FinalHome=_xlpm.GuessHome, _xlpm.FinalAway=_xlpm.GuessAway) ), 3 +N("Winner and one side score guessed, 3 points"), IF( SIGN(_xlpm.FinalDiff) = SIGN(_xlpm.GuessDiff), 2 +N("Only winner guessed, 2 point"), 0 +N("Wrong guess, 0 points") ) ) ) ) ) -> 0 | BL8: =_xlfn.LET( _xlpm.FinalScore, TRIM(SUBSTITUTE($AW$6," ","")), _xlpm.UserGuess, TRIM(SUBSTITUTE(BK8," ","")), _xlpm.FinalHome, VALUE(LEFT(_xlpm.FinalScore, FIND(":", _xlpm.FinalScore)-1)), _xlpm.FinalAway, VALUE(MID(_xlpm.FinalScore, FIND(":", _xlpm.FinalScore)+1, LEN(_xlpm.FinalScore))), _xlpm.GuessHome, VALUE(LEFT(_xlpm.UserGuess, FIND(":", _xlpm.UserGuess)-1)), _xlpm.GuessAway, VALUE(MID(_xlpm.UserGuess, FIND(":", _xlpm.UserGuess)+1, LEN(_xlpm.UserGuess))), _xlpm.FinalDiff, _xlpm.FinalHome - _xlpm.FinalAway, _xlpm.GuessDiff, _xlpm.GuessHome - _xlpm.GuessAway, IF( OR($AW$6="", BK8=""), 0 +N("If final or guess is missing, 0 points"), IF( AND(_xlpm.FinalHome=_xlpm.GuessHome, _xlpm.FinalAway=_xlpm.GuessAway), 5 +N("Exact score guessed, 5 points"), IF( AND( SIGN(_xlpm.FinalDiff) = SIGN(_xlpm.GuessDiff), OR(_xlpm.FinalHome=_xlpm.GuessHome, _xlpm.FinalAway=_xlpm.GuessAway) ), 3 +N("Winner and one side score guessed, 3 points"), IF( SIGN(_xlpm.FinalDiff) = SIGN(_xlpm.GuessDiff), 2 +N("Only winner guessed, 2 point"), 0 +N("Wrong guess, 0 points") ) ) ) ) ) -> 0 | BN8: =_xlfn.LET( _xlpm.FinalScore, TRIM(SUBSTITUTE($AW$6," ","")), _xlpm.UserGuess, TRIM(SUBSTITUTE(BM8," ","")), _xlpm.FinalHome, VALUE(LEFT(_xlpm.FinalScore, FIND(":", _xlpm.FinalScore)-1)), _xlpm.FinalAway, VALUE(MID(_xlpm.FinalScore, FIND(":", _xlpm.FinalScore)+1, LEN(_xlpm.FinalScore))), _xlpm.GuessHome, VALUE(LEFT(_xlpm.UserGuess, FIND(":", _xlpm.UserGuess)-1)), _xlpm.GuessAway, VALUE(MID(_xlpm.UserGuess, FIND(":", _xlpm.UserGuess)+1, LEN(_xlpm.UserGuess))), _xlpm.FinalDiff, _xlpm.FinalHome - _xlpm.FinalAway, _xlpm.GuessDiff, _xlpm.GuessHome - _xlpm.GuessAway, IF( OR($AW$6="", BM8=""), 0 +N("If final or guess is missing, 0 points"), IF( AND(_xlpm.FinalHome=_xlpm.GuessHome, _xlpm.FinalAway=_xlpm.GuessAway), 5 +N("Exact score guessed, 5 points"), IF( AND( SIGN(_xlpm.FinalDiff) = SIGN(_xlpm.GuessDiff), OR(_xlpm.FinalHome=_xlpm.GuessHome, _xlpm.FinalAway=_xlpm.GuessAway) ), 3 +N("Winner and one side score guessed, 3 points"), IF( SIGN(_xlpm.FinalDiff) = SIGN(_xlpm.GuessDiff), 2 +N("Only winner guessed, 2 point"), 0 +N("Wrong guess, 0 points") ) ) ) ) ) -> 0 | BP8: =_xlfn.LET( _xlpm.FinalScore, TRIM(SUBSTITUTE($AW$6," ","")), _xlpm.UserGuess, TRIM(SUBSTITUTE(BO8," ","")), _xlpm.FinalHome, VALUE(LEFT(_xlpm.FinalScore, FIND(":", _xlpm.FinalScore)-1)), _xlpm.FinalAway, VALUE(MID(_xlpm.FinalScore, FIND(":", _xlpm.FinalScore)+1, LEN(_xlpm.FinalScore))), _xlpm.GuessHome, VALUE(LEFT(_xlpm.UserGuess, FIND(":", _xlpm.UserGuess)-1)), _xlpm.GuessAway, VALUE(MID(_xlpm.UserGuess, FIND(":", _xlpm.UserGuess)+1, LEN(_xlpm.UserGuess))), _xlpm.FinalDiff, _xlpm.FinalHome - _xlpm.FinalAway, _xlpm.GuessDiff, _xlpm.GuessHome - _xlpm.GuessAway, IF( OR($AW$6="", BO8=""), 0 +N("If final or guess is missing, 0 points"), IF( AND(_xlpm.FinalHome=_xlpm.GuessHome, _xlpm.FinalAway=_xlpm.GuessAway), 5 +N("Exact score guessed, 5 points"), IF( AND( SIGN(_xlpm.FinalDiff) = SIGN(_xlpm.GuessDiff), OR(_xlpm.FinalHome=_xlpm.GuessHome, _xlpm.FinalAway=_xlpm.GuessAway) ), 3 +N("Winner and one side score guessed, 3 points"), IF( SIGN(_xlpm.FinalDiff) = SIGN(_xlpm.GuessDiff), 2 +N("Only winner guessed, 2 point"), 0 +N("Wrong guess, 0 points") ) ) ) ) ) -> 0 | BS8: =_xlfn.LET( _xlpm.FinalScore, TRIM(SUBSTITUTE($AW$6," ","")), _xlpm.UserGuess, TRIM(SUBSTITUTE(BR8," ","")), _xlpm.FinalHome, VALUE(LEFT(_xlpm.FinalScore, FIND(":", _xlpm.FinalScore)-1)), _xlpm.FinalAway, VALUE(MID(_xlpm.FinalScore, FIND(":", _xlpm.FinalScore)+1, LEN(_xlpm.FinalScore))), _xlpm.GuessHome, VALUE(LEFT(_xlpm.UserGuess, FIND(":", _xlpm.UserGuess)-1)), _xlpm.GuessAway, VALUE(MID(_xlpm.UserGuess, FIND(":", _xlpm.UserGuess)+1, LEN(_xlpm.UserGuess))), _xlpm.FinalDiff, _xlpm.FinalHome - _xlpm.FinalAway, _xlpm.GuessDiff, _xlpm.GuessHome - _xlpm.GuessAway, IF( OR($AW$6="", BR8=""), 0 +N("If final or guess is missing, 0 points"), IF( AND(_xlpm.FinalHome=_xlpm.GuessHome, _xlpm.FinalAway=_xlpm.GuessAway), 5 +N("Exact score guessed, 5 points"), IF( AND( SIGN(_xlpm.FinalDiff) = SIGN(_xlpm.GuessDiff), OR(_xlpm.FinalHome=_xlpm.GuessHome, _xlpm.FinalAway=_xlpm.GuessAway) ), 3 +N("Winner and one side score guessed, 3 points"), IF( SIGN(_xlpm.FinalDiff) = SIGN(_xlpm.GuessDiff), 2 +N("Only winner guessed, 2 point"), 0 +N("Wrong guess, 0 points") ) ) ) ) ) -> 0 | BU8: =_xlfn.LET( _xlpm.FinalScore, TRIM(SUBSTITUTE($AW$6," ","")), _xlpm.UserGuess, TRIM(SUBSTITUTE(BT8," ","")), _xlpm.FinalHome, VALUE(LEFT(_xlpm.FinalScore, FIND(":", _xlpm.FinalScore)-1)), _xlpm.FinalAway, VALUE(MID(_xlpm.FinalScore, FIND(":", _xlpm.FinalScore)+1, LEN(_xlpm.FinalScore))), _xlpm.GuessHome, VALUE(LEFT(_xlpm.UserGuess, FIND(":", _xlpm.UserGuess)-1)), _xlpm.GuessAway, VALUE(MID(_xlpm.UserGuess, FIND(":", _xlpm.UserGuess)+1, LEN(_xlpm.UserGuess))), _xlpm.FinalDiff, _xlpm.FinalHome - _xlpm.FinalAway, _xlpm.GuessDiff, _xlpm.GuessHome - _xlpm.GuessAway, IF( OR($AW$6="", BT8=""), 0 +N("If final or guess is missing, 0 points"), IF( AND(_xlpm.FinalHome=_xlpm.GuessHome, _xlpm.FinalAway=_xlpm.GuessAway), 5 +N("Exact score guessed, 5 points"), IF( AND( SIGN(_xlpm.FinalDiff) = SIGN(_xlpm.GuessDiff), OR(_xlpm.FinalHome=_xlpm.GuessHome, _xlpm.FinalAway=_xlpm.GuessAway) ), 3 +N("Winner and one side score guessed, 3 points"), IF( SIGN(_xlpm.FinalDiff) = SIGN(_xlpm.GuessDiff), 2 +N("Only winner guessed, 2 point"), 0 +N("Wrong guess, 0 points") ) ) ) ) ) -> 0 | BX8: =_xlfn.LET( _xlpm.FinalScore, TRIM(SUBSTITUTE($AW$6," ","")), _xlpm.UserGuess, TRIM(SUBSTITUTE(BW8," ","")), _xlpm.FinalHome, VALUE(LEFT(_xlpm.FinalScore, FIND(":", _xlpm.FinalScore)-1)), _xlpm.FinalAway, VALUE(MID(_xlpm.FinalScore, FIND(":", _xlpm.FinalScore)+1, LEN(_xlpm.FinalScore))), _xlpm.GuessHome, VALUE(LEFT(_xlpm.UserGuess, FIND(":", _xlpm.UserGuess)-1)), _xlpm.GuessAway, VALUE(MID(_xlpm.UserGuess, FIND(":", _xlpm.UserGuess)+1, LEN(_xlpm.UserGuess))), _xlpm.FinalDiff, _xlpm.FinalHome - _xlpm.FinalAway, _xlpm.GuessDiff, _xlpm.GuessHome - _xlpm.GuessAway, IF( OR($AW$6="", BW8=""), 0 +N("If final or guess is missing, 0 points"), IF( AND(_xlpm.FinalHome=_xlpm.GuessHome, _xlpm.FinalAway=_xlpm.GuessAway), 5 +N("Exact score guessed, 5 points"), IF( AND( SIGN(_xlpm.FinalDiff) = SIGN(_xlpm.GuessDiff), OR(_xlpm.FinalHome=_xlpm.GuessHome, _xlpm.FinalAway=_xlpm.GuessAway) ), 3 +N("Winner and one side score guessed, 3 points"), IF( SIGN(_xlpm.FinalDiff) = SIGN(_xlpm.GuessDiff), 2 +N("Only winner guessed, 2 point"), 0 +N("Wrong guess, 0 points") ) ) ) ) ) -> 0 | CA8: =_xlfn.LET( _xlpm.FinalScore, TRIM(SUBSTITUTE($AW$6," ","")), _xlpm.UserGuess, TRIM(SUBSTITUTE(BZ8," ","")), _xlpm.FinalHome, VALUE(LEFT(_xlpm.FinalScore, FIND(":", _xlpm.FinalScore)-1)), _xlpm.FinalAway, VALUE(MID(_xlpm.FinalScore, FIND(":", _xlpm.FinalScore)+1, LEN(_xlpm.FinalScore))), _xlpm.GuessHome, VALUE(LEFT(_xlpm.UserGuess, FIND(":", _xlpm.UserGuess)-1)), _xlpm.GuessAway, VALUE(MID(_xlpm.UserGuess, FIND(":", _xlpm.UserGuess)+1, LEN(_xlpm.UserGuess))), _xlpm.FinalDiff, _xlpm.FinalHome - _xlpm.FinalAway, _xlpm.GuessDiff, _xlpm.GuessHome - _xlpm.GuessAway, IF( OR($AW$6="", BZ8=""), 0 +N("If final or guess is missing, 0 points"), IF( AND(_xlpm.FinalHome=_xlpm.GuessHome, _xlpm.FinalAway=_xlpm.GuessAway), 5 +N("Exact score guessed, 5 points"), IF( AND( SIGN(_xlpm.FinalDiff) = SIGN(_xlpm.GuessDiff), OR(_xlpm.FinalHome=_xlpm.GuessHome, _xlpm.FinalAway=_xlpm.GuessAway) ), 3 +N("Winner and one side score guessed, 3 points"), IF( SIGN(_xlpm.FinalDiff) = SIGN(_xlpm.GuessDiff), 2 +N("Only winner guessed, 2 point"), 0 +N("Wrong guess, 0 points") ) ) ) ) ) -> 0
A9: 3 | B9: Daniel Stransky | C9: daniel.stransky@ib.com | D9: Slovakia | E9: =IF(K9<>"",1,0)+IF(M9<>"",1,0)+IF(P9<>"",1,0)+IF(R9<>"",1,0)+IF(T9<>"",1,0)+IF(V9<>"",1,0)+IF(Y9<>"",1,0)+IF(AA9<>"",1,0)+IF(AC9<>"",1,0)+IF(AE9<>"",1,0)+IF(AH9<>"",1,0)+IF(AJ9<>"",1,0)+IF(AL9<>"",1,0)+IF(AN9<>"",1,0)+IF(AQ9<>"",1,0)+IF(AS9<>"",1,0)+IF(AU9<>"",1,0)+IF(AW9<>"",1,0)+IF(AZ9<>"",1,0)+IF(BB9<>"",1,0)+IF(BD9<>"",1,0)+IF(BF9<>"",1,0)+IF(BI9<>"",1,0)+IF(BK9<>"",1,0)+IF(BM9<>"",1,0)+IF(BO9<>"",1,0) +IF(BR9<>"",1,0) +IF(BT9<>"",1,0) +IF(BW9<>"",1,0) +IF(BZ9<>"",1,0) -> 18 | F9: =IF(L9=4,1,0)+IF(N9=4,1,0)+IF(Q9=4,1,0)+IF(S9=4,1,0)+IF(U9=4,1,0)+IF(W9=4,1,0)+IF(Z9=4,1,0)+IF(AB9=4,1,0)+IF(AD9=4,1,0)+IF(AF9=4,1,0)+IF(AI9=4,1,0)+IF(AK9=4,1,0)+IF(AM9=4,1,0)+IF(AO9=4,1,0)+IF(AR9=4,1,0)+IF(AT9=4,1,0)+IF(AV9=4,1,0)+IF(AX9=4,1,0)+IF(BA9=5,1,0)+IF(BC9=5,1,0)+IF(BE9=5,1,0)+IF(BG9=5,1,0)+IF(BJ9=5,1,0)+IF(BL9=5,1,0)+IF(BN9=5,1,0)+IF(BP9=5,1,0) +IF(BS9=5,1,0) +IF(BU9=5,1,0) +IF(BX9=5,1,0) +IF(CA9=5,1,0) -> 0 | G9: =L9+N9+Q9+S9+U9+W9+Z9+AB9+AD9+AF9+AI9+AK9+AM9+AO9+AR9+AT9+AV9+AX9 -> 0 | H9: =BA9+BC9+BE9+BG9+BJ9+BL9+BN9+BP9 +BS9 +BU9 +BX9 +CA9 -> 0 | I9: =G9+H9 -> 0 | K9: 2:1 | L9: =_xlfn.LET( _xlpm.FinalScore, TRIM(SUBSTITUTE($K$6," ","")), _xlpm.UserGuess, TRIM(SUBSTITUTE(K9," ","")), _xlpm.FinalHome, VALUE(LEFT(_xlpm.FinalScore, FIND(":", _xlpm.FinalScore)-1)), _xlpm.FinalAway, VALUE(MID(_xlpm.FinalScore, FIND(":", _xlpm.FinalScore)+1, LEN(_xlpm.FinalScore))), _xlpm.GuessHome, VALUE(LEFT(_xlpm.UserGuess, FIND(":", _xlpm.UserGuess)-1)), _xlpm.GuessAway, VALUE(MID(_xlpm.UserGuess, FIND(":", _xlpm.UserGuess)+1, LEN(_xlpm.UserGuess))), _xlpm.FinalDiff, _xlpm.FinalHome - _xlpm.FinalAway, _xlpm.GuessDiff, _xlpm.GuessHome - _xlpm.GuessAway, IF( OR($K$6="", K9=""), 0 +N("If final or guess is missing, 0 points"), IF( AND(_xlpm.FinalHome=_xlpm.GuessHome, _xlpm.FinalAway=_xlpm.GuessAway), 4 +N("Exact score guessed, 4 points"), IF( AND( SIGN(_xlpm.FinalDiff) = SIGN(_xlpm.GuessDiff), OR(_xlpm.FinalHome=_xlpm.GuessHome, _xlpm.FinalAway=_xlpm.GuessAway) ), 2 +N("Winner and one side score guessed, 2 points"), IF( SIGN(_xlpm.FinalDiff) = SIGN(_xlpm.GuessDiff), 1 +N("Only winner guessed, 1 point"), 0 +N("Wrong guess, 0 points") ) ) ) ) ) -> 0 | M9: 5:1 | N9: =_xlfn.LET( _xlpm.FinalScore, TRIM(SUBSTITUTE($M$6," ","")), _xlpm.UserGuess, TRIM(SUBSTITUTE(M9," ","")), _xlpm.FinalHome, VALUE(LEFT(_xlpm.FinalScore, FIND(":", _xlpm.FinalScore)-1)), _xlpm.FinalAway, VALUE(MID(_xlpm.FinalScore, FIND(":", _xlpm.FinalScore)+1, LEN(_xlpm.FinalScore))), _xlpm.GuessHome, VALUE(LEFT(_xlpm.UserGuess, FIND(":", _xlpm.UserGuess)-1)), _xlpm.GuessAway, VALUE(MID(_xlpm.UserGuess, FIND(":", _xlpm.UserGuess)+1, LEN(_xlpm.UserGuess))), _xlpm.FinalDiff, _xlpm.FinalHome - _xlpm.FinalAway, _xlpm.GuessDiff, _xlpm.GuessHome - _xlpm.GuessAway, IF( OR($M$6="", M9=""), 0 +N("If final or guess is missing, 0 points"), IF( AND(_xlpm.FinalHome=_xlpm.GuessHome, _xlpm.FinalAway=_xlpm.GuessAway), 4 +N("Exact score guessed, 4 points"), IF( AND( SIGN(_xlpm.FinalDiff) = SIGN(_xlpm.GuessDiff), OR(_xlpm.FinalHome=_xlpm.GuessHome, _xlpm.FinalAway=_xlpm.GuessAway) ), 2 +N("Winner and one side score guessed, 2 points"), IF( SIGN(_xlpm.FinalDiff) = SIGN(_xlpm.GuessDiff), 1 +N("Only winner guessed, 1 point"), 0 +N("Wrong guess, 0 points") ) ) ) ) ) -> 0 | P9: 3:0 | Q9: =_xlfn.LET( _xlpm.FinalScore, TRIM(SUBSTITUTE($P$6," ","")), _xlpm.UserGuess, TRIM(SUBSTITUTE(P9," ","")), _xlpm.FinalHome, VALUE(LEFT(_xlpm.FinalScore, FIND(":", _xlpm.FinalScore)-1)), _xlpm.FinalAway, VALUE(MID(_xlpm.FinalScore, FIND(":", _xlpm.FinalScore)+1, LEN(_xlpm.FinalScore))), _xlpm.GuessHome, VALUE(LEFT(_xlpm.UserGuess, FIND(":", _xlpm.UserGuess)-1)), _xlpm.GuessAway, VALUE(MID(_xlpm.UserGuess, FIND(":", _xlpm.UserGuess)+1, LEN(_xlpm.UserGuess))), _xlpm.FinalDiff, _xlpm.FinalHome - _xlpm.FinalAway, _xlpm.GuessDiff, _xlpm.GuessHome - _xlpm.GuessAway, IF( OR($P$6="", P9=""), 0 +N("If final or guess is missing, 0 points"), IF( AND(_xlpm.FinalHome=_xlpm.GuessHome, _xlpm.FinalAway=_xlpm.GuessAway), 4 +N("Exact score guessed, 4 points"), IF( AND( SIGN(_xlpm.FinalDiff) = SIGN(_xlpm.GuessDiff), OR(_xlpm.FinalHome=_xlpm.GuessHome, _xlpm.FinalAway=_xlpm.GuessAway) ), 2 +N("Winner and one side score guessed, 2 points"), IF( SIGN(_xlpm.FinalDiff) = SIGN(_xlpm.GuessDiff), 1 +N("Only winner guessed, 1 point"), 0 +N("Wrong guess, 0 points") ) ) ) ) ) -> 0 | R9: 1:3 | S9: =_xlfn.LET( _xlpm.FinalScore, TRIM(SUBSTITUTE($R$6," ","")), _xlpm.UserGuess, TRIM(SUBSTITUTE(R9," ","")), _xlpm.FinalHome, VALUE(LEFT(_xlpm.FinalScore, FIND(":", _xlpm.FinalScore)-1)), _xlpm.FinalAway, VALUE(MID(_xlpm.FinalScore, FIND(":", _xlpm.FinalScore)+1, LEN(_xlpm.FinalScore))), _xlpm.GuessHome, VALUE(LEFT(_xlpm.UserGuess, FIND(":", _xlpm.UserGuess)-1)), _xlpm.GuessAway, VALUE(MID(_xlpm.UserGuess, FIND(":", _xlpm.UserGuess)+1, LEN(_xlpm.UserGuess))), _xlpm.FinalDiff, _xlpm.FinalHome - _xlpm.FinalAway, _xlpm.GuessDiff, _xlpm.GuessHome - _xlpm.GuessAway, IF( OR($R$6="", R9=""), 0 +N("If final or guess is missing, 0 points"), IF( AND(_xlpm.FinalHome=_xlpm.GuessHome, _xlpm.FinalAway=_xlpm.GuessAway), 4 +N("Exact score guessed, 4 points"), IF( AND( SIGN(_xlpm.FinalDiff) = SIGN(_xlpm.GuessDiff), OR(_xlpm.FinalHome=_xlpm.GuessHome, _xlpm.FinalAway=_xlpm.GuessAway) ), 2 +N("Winner and one side score guessed, 2 points"), IF( SIGN(_xlpm.FinalDiff) = SIGN(_xlpm.GuessDiff), 1 +N("Only winner guessed, 1 point"), 0 +N("Wrong guess, 0 points") ) ) ) ) ) -> 0 | T9: 0:3 | U9: =_xlfn.LET( _xlpm.FinalScore, TRIM(SUBSTITUTE($T$6," ","")), _xlpm.UserGuess, TRIM(SUBSTITUTE(T9," ","")), _xlpm.FinalHome, VALUE(LEFT(_xlpm.FinalScore, FIND(":", _xlpm.FinalScore)-1)), _xlpm.FinalAway, VALUE(MID(_xlpm.FinalScore, FIND(":", _xlpm.FinalScore)+1, LEN(_xlpm.FinalScore))), _xlpm.GuessHome, VALUE(LEFT(_xlpm.UserGuess, FIND(":", _xlpm.UserGuess)-1)), _xlpm.GuessAway, VALUE(MID(_xlpm.UserGuess, FIND(":", _xlpm.UserGuess)+1, LEN(_xlpm.UserGuess))), _xlpm.FinalDiff, _xlpm.FinalHome - _xlpm.FinalAway, _xlpm.GuessDiff, _xlpm.GuessHome - _xlpm.GuessAway, IF( OR($T$6="", T9=""), 0 +N("If final or guess is missing, 0 points"), IF( AND(_xlpm.FinalHome=_xlpm.GuessHome, _xlpm.FinalAway=_xlpm.GuessAway), 4 +N("Exact score guessed, 4 points"), IF( AND( SIGN(_xlpm.FinalDiff) = SIGN(_xlpm.GuessDiff), OR(_xlpm.FinalHome=_xlpm.GuessHome, _xlpm.FinalAway=_xlpm.GuessAway) ), 2 +N("Winner and one side score guessed, 2 points"), IF( SIGN(_xlpm.FinalDiff) = SIGN(_xlpm.GuessDiff), 1 +N("Only winner guessed, 1 point"), 0 +N("Wrong guess, 0 points") ) ) ) ) ) -> 0 | V9: 2:1 | W9: =_xlfn.LET( _xlpm.FinalScore, TRIM(SUBSTITUTE($V$6," ","")), _xlpm.UserGuess, TRIM(SUBSTITUTE(V9," ","")), _xlpm.FinalHome, VALUE(LEFT(_xlpm.FinalScore, FIND(":", _xlpm.FinalScore)-1)), _xlpm.FinalAway, VALUE(MID(_xlpm.FinalScore, FIND(":", _xlpm.FinalScore)+1, LEN(_xlpm.FinalScore))), _xlpm.GuessHome, VALUE(LEFT(_xlpm.UserGuess, FIND(":", _xlpm.UserGuess)-1)), _xlpm.GuessAway, VALUE(MID(_xlpm.UserGuess, FIND(":", _xlpm.UserGuess)+1, LEN(_xlpm.UserGuess))), _xlpm.FinalDiff, _xlpm.FinalHome - _xlpm.FinalAway, _xlpm.GuessDiff, _xlpm.GuessHome - _xlpm.GuessAway, IF( OR($V$6="", V9=""), 0 +N("If final or guess is missing, 0 points"), IF( AND(_xlpm.FinalHome=_xlpm.GuessHome, _xlpm.FinalAway=_xlpm.GuessAway), 4 +N("Exact score guessed, 4 points"), IF( AND( SIGN(_xlpm.FinalDiff) = SIGN(_xlpm.GuessDiff), OR(_xlpm.FinalHome=_xlpm.GuessHome, _xlpm.FinalAway=_xlpm.GuessAway) ), 2 +N("Winner and one side score guessed, 2 points"), IF( SIGN(_xlpm.FinalDiff) = SIGN(_xlpm.GuessDiff), 1 +N("Only winner guessed, 1 point"), 0 +N("Wrong guess, 0 points") ) ) ) ) ) -> 0 | Y9: 3:2 | Z9: =_xlfn.LET( _xlpm.FinalScore, TRIM(SUBSTITUTE($Y$6," ","")), _xlpm.UserGuess, TRIM(SUBSTITUTE(Y9," ","")), _xlpm.FinalHome, VALUE(LEFT(_xlpm.FinalScore, FIND(":", _xlpm.FinalScore)-1)), _xlpm.FinalAway, VALUE(MID(_xlpm.FinalScore, FIND(":", _xlpm.FinalScore)+1, LEN(_xlpm.FinalScore))), _xlpm.GuessHome, VALUE(LEFT(_xlpm.UserGuess, FIND(":", _xlpm.UserGuess)-1)), _xlpm.GuessAway, VALUE(MID(_xlpm.UserGuess, FIND(":", _xlpm.UserGuess)+1, LEN(_xlpm.UserGuess))), _xlpm.FinalDiff, _xlpm.FinalHome - _xlpm.FinalAway, _xlpm.GuessDiff, _xlpm.GuessHome - _xlpm.GuessAway, IF( OR($Y$6="", Y9=""), 0 +N("If final or guess is missing, 0 points"), IF( AND(_xlpm.FinalHome=_xlpm.GuessHome, _xlpm.FinalAway=_xlpm.GuessAway), 4 +N("Exact score guessed, 4 points"), IF( AND( SIGN(_xlpm.FinalDiff) = SIGN(_xlpm.GuessDiff), OR(_xlpm.FinalHome=_xlpm.GuessHome, _xlpm.FinalAway=_xlpm.GuessAway) ), 2 +N("Winner and one side score guessed, 2 points"), IF( SIGN(_xlpm.FinalDiff) = SIGN(_xlpm.GuessDiff), 1 +N("Only winner guessed, 1 point"), 0 +N("Wrong guess, 0 points") ) ) ) ) ) -> 0 | AA9: 1:2 | AB9: =_xlfn.LET( _xlpm.FinalScore, TRIM(SUBSTITUTE($AA$6," ","")), _xlpm.UserGuess, TRIM(SUBSTITUTE(AA9," ","")), _xlpm.FinalHome, VALUE(LEFT(_xlpm.FinalScore, FIND(":", _xlpm.FinalScore)-1)), _xlpm.FinalAway, VALUE(MID(_xlpm.FinalScore, FIND(":", _xlpm.FinalScore)+1, LEN(_xlpm.FinalScore))), _xlpm.GuessHome, VALUE(LEFT(_xlpm.UserGuess, FIND(":", _xlpm.UserGuess)-1)), _xlpm.GuessAway, VALUE(MID(_xlpm.UserGuess, FIND(":", _xlpm.UserGuess)+1, LEN(_xlpm.UserGuess))), _xlpm.FinalDiff, _xlpm.FinalHome - _xlpm.FinalAway, _xlpm.GuessDiff, _xlpm.GuessHome - _xlpm.GuessAway, IF( OR($AA$6="", AA9=""), 0 +N("If final or guess is missing, 0 points"), IF( AND(_xlpm.FinalHome=_xlpm.GuessHome, _xlpm.FinalAway=_xlpm.GuessAway), 4 +N("Exact score guessed, 4 points"), IF( AND( SIGN(_xlpm.FinalDiff) = SIGN(_xlpm.GuessDiff), OR(_xlpm.FinalHome=_xlpm.GuessHome, _xlpm.FinalAway=_xlpm.GuessAway) ), 2 +N("Winner and one side score guessed, 2 points"), IF( SIGN(_xlpm.FinalDiff) = SIGN(_xlpm.GuessDiff), 1 +N("Only winner guessed, 1 point"), 0 +N("Wrong guess, 0 points") ) ) ) ) ) -> 0 | AC9: 0:3 | AD9: =_xlfn.LET( _xlpm.FinalScore, TRIM(SUBSTITUTE($AC$6," ","")), _xlpm.UserGuess, TRIM(SUBSTITUTE(AC9," ","")), _xlpm.FinalHome, VALUE(LEFT(_xlpm.FinalScore, FIND(":", _xlpm.FinalScore)-1)), _xlpm.FinalAway, VALUE(MID(_xlpm.FinalScore, FIND(":", _xlpm.FinalScore)+1, LEN(_xlpm.FinalScore))), _xlpm.GuessHome, VALUE(LEFT(_xlpm.UserGuess, FIND(":", _xlpm.UserGuess)-1)), _xlpm.GuessAway, VALUE(MID(_xlpm.UserGuess, FIND(":", _xlpm.UserGuess)+1, LEN(_xlpm.UserGuess))), _xlpm.FinalDiff, _xlpm.FinalHome - _xlpm.FinalAway, _xlpm.GuessDiff, _xlpm.GuessHome - _xlpm.GuessAway, IF( OR($AC$6="", AC9=""), 0 +N("If final or guess is missing, 0 points"), IF( AND(_xlpm.FinalHome=_xlpm.GuessHome, _xlpm.FinalAway=_xlpm.GuessAway), 4 +N("Exact score guessed, 4 points"), IF( AND( SIGN(_xlpm.FinalDiff) = SIGN(_xlpm.GuessDiff), OR(_xlpm.FinalHome=_xlpm.GuessHome, _xlpm.FinalAway=_xlpm.GuessAway) ), 2 +N("Winner and one side score guessed, 2 points"), IF( SIGN(_xlpm.FinalDiff) = SIGN(_xlpm.GuessDiff), 1 +N("Only winner guessed, 1 point"), 0 +N("Wrong guess, 0 points") ) ) ) ) ) -> 0 | AE9: 2:1 | AF9: =_xlfn.LET( _xlpm.FinalScore, TRIM(SUBSTITUTE($AE$6," ","")), _xlpm.UserGuess, TRIM(SUBSTITUTE(AE9," ","")), _xlpm.FinalHome, VALUE(LEFT(_xlpm.FinalScore, FIND(":", _xlpm.FinalScore)-1)), _xlpm.FinalAway, VALUE(MID(_xlpm.FinalScore, FIND(":", _xlpm.FinalScore)+1, LEN(_xlpm.FinalScore))), _xlpm.GuessHome, VALUE(LEFT(_xlpm.UserGuess, FIND(":", _xlpm.UserGuess)-1)), _xlpm.GuessAway, VALUE(MID(_xlpm.UserGuess, FIND(":", _xlpm.UserGuess)+1, LEN(_xlpm.UserGuess))), _xlpm.FinalDiff, _xlpm.FinalHome - _xlpm.FinalAway, _xlpm.GuessDiff, _xlpm.GuessHome - _xlpm.GuessAway, IF( OR($AE$6="", AE9=""), 0 +N("If final or guess is missing, 0 points"), IF( AND(_xlpm.FinalHome=_xlpm.GuessHome, _xlpm.FinalAway=_xlpm.GuessAway), 4 +N("Exact score guessed, 4 points"), IF( AND( SIGN(_xlpm.FinalDiff) = SIGN(_xlpm.GuessDiff), OR(_xlpm.FinalHome=_xlpm.GuessHome, _xlpm.FinalAway=_xlpm.GuessAway) ), 2 +N("Winner and one side score guessed, 2 points"), IF( SIGN(_xlpm.FinalDiff) = SIGN(_xlpm.GuessDiff), 1 +N("Only winner guessed, 1 point"), 0 +N("Wrong guess, 0 points") ) ) ) ) ) -> 0 | AH9: 3:1 | AI9: =_xlfn.LET( _xlpm.FinalScore, TRIM(SUBSTITUTE($AH$6," ","")), _xlpm.UserGuess, TRIM(SUBSTITUTE(AH9," ","")), _xlpm.FinalHome, VALUE(LEFT(_xlpm.FinalScore, FIND(":", _xlpm.FinalScore)-1)), _xlpm.FinalAway, VALUE(MID(_xlpm.FinalScore, FIND(":", _xlpm.FinalScore)+1, LEN(_xlpm.FinalScore))), _xlpm.GuessHome, VALUE(LEFT(_xlpm.UserGuess, FIND(":", _xlpm.UserGuess)-1)), _xlpm.GuessAway, VALUE(MID(_xlpm.UserGuess, FIND(":", _xlpm.UserGuess)+1, LEN(_xlpm.UserGuess))), _xlpm.FinalDiff, _xlpm.FinalHome - _xlpm.FinalAway, _xlpm.GuessDiff, _xlpm.GuessHome - _xlpm.GuessAway, IF( OR($AH$6="", AH9=""), 0 +N("If final or guess is missing, 0 points"), IF( AND(_xlpm.FinalHome=_xlpm.GuessHome, _xlpm.FinalAway=_xlpm.GuessAway), 4 +N("Exact score guessed, 4 points"), IF( AND( SIGN(_xlpm.FinalDiff) = SIGN(_xlpm.GuessDiff), OR(_xlpm.FinalHome=_xlpm.GuessHome, _xlpm.FinalAway=_xlpm.GuessAway) ), 2 +N("Winner and one side score guessed, 2 points"), IF( SIGN(_xlpm.FinalDiff) = SIGN(_xlpm.GuessDiff), 1 +N("Only winner guessed, 1 point"), 0 +N("Wrong guess, 0 points") ) ) ) ) ) -> 0 | AJ9: 2:0 | AK9: =_xlfn.LET( _xlpm.FinalScore,TRIM(SUBSTITUTE($AJ$6," ","")), _xlpm.UserGuess,TRIM(SUBSTITUTE(AJ9," ","")), _xlpm.FinalHome,VALUE(LEFT(_xlpm.FinalScore,FIND(":",_xlpm.FinalScore)-1)), _xlpm.FinalAway,VALUE(MID(_xlpm.FinalScore,FIND(":",_xlpm.FinalScore)+1,LEN(_xlpm.FinalScore))), _xlpm.GuessHome,VALUE(LEFT(_xlpm.UserGuess,FIND(":",_xlpm.UserGuess)-1)), _xlpm.GuessAway,VALUE(MID(_xlpm.UserGuess,FIND(":",_xlpm.UserGuess)+1,LEN(_xlpm.UserGuess))), _xlpm.FinalDiff,_xlpm.FinalHome-_xlpm.FinalAway, _xlpm.GuessDiff,_xlpm.GuessHome-_xlpm.GuessAway, IF( OR($AJ$6="",AJ9=""), 0+N("If final or guess is missing, 0 points"), IF( AND(_xlpm.FinalHome=_xlpm.GuessHome,_xlpm.FinalAway=_xlpm.GuessAway), 4+N("Exact score guessed, 4 points"), IF( AND( SIGN(_xlpm.FinalDiff)=SIGN(_xlpm.GuessDiff), OR(_xlpm.FinalHome=_xlpm.GuessHome,_xlpm.FinalAway=_xlpm.GuessAway) ), 2+N("Winner and one side score guessed, 2 points"), IF( SIGN(_xlpm.FinalDiff)=SIGN(_xlpm.GuessDiff), 1+N("Only winner guessed, 1 point"), 0+N("Wrong guess, 0 points") ) ) ) ) ) -> 0 | AL9: 5:1 | AM9: =_xlfn.LET( _xlpm.FinalScore, TRIM(SUBSTITUTE($AL$6," ","")), _xlpm.UserGuess, TRIM(SUBSTITUTE(AL9," ","")), _xlpm.FinalHome, VALUE(LEFT(_xlpm.FinalScore, FIND(":", _xlpm.FinalScore)-1)), _xlpm.FinalAway, VALUE(MID(_xlpm.FinalScore, FIND(":", _xlpm.FinalScore)+1, LEN(_xlpm.FinalScore))), _xlpm.GuessHome, VALUE(LEFT(_xlpm.UserGuess, FIND(":", _xlpm.UserGuess)-1)), _xlpm.GuessAway, VALUE(MID(_xlpm.UserGuess, FIND(":", _xlpm.UserGuess)+1, LEN(_xlpm.UserGuess))), _xlpm.FinalDiff, _xlpm.FinalHome - _xlpm.FinalAway, _xlpm.GuessDiff, _xlpm.GuessHome - _xlpm.GuessAway, IF( OR($AL$6="", AL9=""), 0 +N("If final or guess is missing, 0 points"), IF( AND(_xlpm.FinalHome=_xlpm.GuessHome, _xlpm.FinalAway=_xlpm.GuessAway), 4 +N("Exact score guessed, 4 points"), IF( AND( SIGN(_xlpm.FinalDiff) = SIGN(_xlpm.GuessDiff), OR(_xlpm.FinalHome=_xlpm.GuessHome, _xlpm.FinalAway=_xlpm.GuessAway) ), 2 +N("Winner and one side score guessed, 2 points"), IF( SIGN(_xlpm.FinalDiff) = SIGN(_xlpm.GuessDiff), 1 +N("Only winner guessed, 1 point"), 0 +N("Wrong guess, 0 points") ) ) ) ) ) -> 0 | AN9: 4:0 | AO9: =_xlfn.LET( _xlpm.FinalScore, TRIM(SUBSTITUTE($AN$6," ","")), _xlpm.UserGuess, TRIM(SUBSTITUTE(AN9," ","")), _xlpm.FinalHome, VALUE(LEFT(_xlpm.FinalScore, FIND(":", _xlpm.FinalScore)-1)), _xlpm.FinalAway, VALUE(MID(_xlpm.FinalScore, FIND(":", _xlpm.FinalScore)+1, LEN(_xlpm.FinalScore))), _xlpm.GuessHome, VALUE(LEFT(_xlpm.UserGuess, FIND(":", _xlpm.UserGuess)-1)), _xlpm.GuessAway, VALUE(MID(_xlpm.UserGuess, FIND(":", _xlpm.UserGuess)+1, LEN(_xlpm.UserGuess))), _xlpm.FinalDiff, _xlpm.FinalHome - _xlpm.FinalAway, _xlpm.GuessDiff, _xlpm.GuessHome - _xlpm.GuessAway, IF( OR($AN$6="", AN9=""), 0 +N("If final or guess is missing, 0 points"), IF( AND(_xlpm.FinalHome=_xlpm.GuessHome, _xlpm.FinalAway=_xlpm.GuessAway), 4 +N("Exact score guessed, 4 points"), IF( AND( SIGN(_xlpm.FinalDiff) = SIGN(_xlpm.GuessDiff), OR(_xlpm.FinalHome=_xlpm.GuessHome, _xlpm.FinalAway=_xlpm.GuessAway) ), 2 +N("Winner and one side score guessed, 2 points"), IF( SIGN(_xlpm.FinalDiff) = SIGN(_xlpm.GuessDiff), 1 +N("Only winner guessed, 1 point"), 0 +N("Wrong guess, 0 points") ) ) ) ) ) -> 0 | AQ9: 2:3 | AR9: =_xlfn.LET( _xlpm.FinalScore, TRIM(SUBSTITUTE($AQ$6," ","")), _xlpm.UserGuess, TRIM(SUBSTITUTE(AQ9," ","")), _xlpm.FinalHome, VALUE(LEFT(_xlpm.FinalScore, FIND(":", _xlpm.FinalScore)-1)), _xlpm.FinalAway, VALUE(MID(_xlpm.FinalScore, FIND(":", _xlpm.FinalScore)+1, LEN(_xlpm.FinalScore))), _xlpm.GuessHome, VALUE(LEFT(_xlpm.UserGuess, FIND(":", _xlpm.UserGuess)-1)), _xlpm.GuessAway, VALUE(MID(_xlpm.UserGuess, FIND(":", _xlpm.UserGuess)+1, LEN(_xlpm.UserGuess))), _xlpm.FinalDiff, _xlpm.FinalHome - _xlpm.FinalAway, _xlpm.GuessDiff, _xlpm.GuessHome - _xlpm.GuessAway, IF( OR($AQ$6="", AQ9=""), 0 +N("If final or guess is missing, 0 points"), IF( AND(_xlpm.FinalHome=_xlpm.GuessHome, _xlpm.FinalAway=_xlpm.GuessAway), 4 +N("Exact score guessed, 4 points"), IF( AND( SIGN(_xlpm.FinalDiff) = SIGN(_xlpm.GuessDiff), OR(_xlpm.FinalHome=_xlpm.GuessHome, _xlpm.FinalAway=_xlpm.GuessAway) ), 2 +N("Winner and one side score guessed, 2 points"), IF( SIGN(_xlpm.FinalDiff) = SIGN(_xlpm.GuessDiff), 1 +N("Only winner guessed, 1 point"), 0 +N("Wrong guess, 0 points") ) ) ) ) ) -> 0 | AS9: 6:0 | AT9: =_xlfn.LET( _xlpm.FinalScore, TRIM(SUBSTITUTE($AS$6," ","")), _xlpm.UserGuess, TRIM(SUBSTITUTE(AS9," ","")), _xlpm.FinalHome, VALUE(LEFT(_xlpm.FinalScore, FIND(":", _xlpm.FinalScore)-1)), _xlpm.FinalAway, VALUE(MID(_xlpm.FinalScore, FIND(":", _xlpm.FinalScore)+1, LEN(_xlpm.FinalScore))), _xlpm.GuessHome, VALUE(LEFT(_xlpm.UserGuess, FIND(":", _xlpm.UserGuess)-1)), _xlpm.GuessAway, VALUE(MID(_xlpm.UserGuess, FIND(":", _xlpm.UserGuess)+1, LEN(_xlpm.UserGuess))), _xlpm.FinalDiff, _xlpm.FinalHome - _xlpm.FinalAway, _xlpm.GuessDiff, _xlpm.GuessHome - _xlpm.GuessAway, IF( OR($AS$6="", AS9=""), 0 +N("If final or guess is missing, 0 points"), IF( AND(_xlpm.FinalHome=_xlpm.GuessHome, _xlpm.FinalAway=_xlpm.GuessAway), 4 +N("Exact score guessed, 4 points"), IF( AND( SIGN(_xlpm.FinalDiff) = SIGN(_xlpm.GuessDiff), OR(_xlpm.FinalHome=_xlpm.GuessHome, _xlpm.FinalAway=_xlpm.GuessAway) ), 2 +N("Winner and one side score guessed, 2 points"), IF( SIGN(_xlpm.FinalDiff) = SIGN(_xlpm.GuessDiff), 1 +N("Only winner guessed, 1 point"), 0 +N("Wrong guess, 0 points") ) ) ) ) ) -> 0 | AU9: 2:3 | AV9: =_xlfn.LET( _xlpm.FinalScore, TRIM(SUBSTITUTE($AU$6," ","")), _xlpm.UserGuess, TRIM(SUBSTITUTE(AU9," ","")), _xlpm.FinalHome, VALUE(LEFT(_xlpm.FinalScore, FIND(":", _xlpm.FinalScore)-1)), _xlpm.FinalAway, VALUE(MID(_xlpm.FinalScore, FIND(":", _xlpm.FinalScore)+1, LEN(_xlpm.FinalScore))), _xlpm.GuessHome, VALUE(LEFT(_xlpm.UserGuess, FIND(":", _xlpm.UserGuess)-1)), _xlpm.GuessAway, VALUE(MID(_xlpm.UserGuess, FIND(":", _xlpm.UserGuess)+1, LEN(_xlpm.UserGuess))), _xlpm.FinalDiff, _xlpm.FinalHome - _xlpm.FinalAway, _xlpm.GuessDiff, _xlpm.GuessHome - _xlpm.GuessAway, IF( OR($AU$6="", AU9=""), 0 +N("If final or guess is missing, 0 points"), IF( AND(_xlpm.FinalHome=_xlpm.GuessHome, _xlpm.FinalAway=_xlpm.GuessAway), 4 +N("Exact score guessed, 4 points"), IF( AND( SIGN(_xlpm.FinalDiff) = SIGN(_xlpm.GuessDiff), OR(_xlpm.FinalHome=_xlpm.GuessHome, _xlpm.FinalAway=_xlpm.GuessAway) ), 2 +N("Winner and one side score guessed, 2 points"), IF( SIGN(_xlpm.FinalDiff) = SIGN(_xlpm.GuessDiff), 1 +N("Only winner guessed, 1 point"), 0 +N("Wrong guess, 0 points") ) ) ) ) ) -> 0 | AW9: 3:0 | AX9: =_xlfn.LET( _xlpm.FinalScore, TRIM(SUBSTITUTE($AW$6," ","")), _xlpm.UserGuess, TRIM(SUBSTITUTE(AW9," ","")), _xlpm.FinalHome, VALUE(LEFT(_xlpm.FinalScore, FIND(":", _xlpm.FinalScore)-1)), _xlpm.FinalAway, VALUE(MID(_xlpm.FinalScore, FIND(":", _xlpm.FinalScore)+1, LEN(_xlpm.FinalScore))), _xlpm.GuessHome, VALUE(LEFT(_xlpm.UserGuess, FIND(":", _xlpm.UserGuess)-1)), _xlpm.GuessAway, VALUE(MID(_xlpm.UserGuess, FIND(":", _xlpm.UserGuess)+1, LEN(_xlpm.UserGuess))), _xlpm.FinalDiff, _xlpm.FinalHome - _xlpm.FinalAway, _xlpm.GuessDiff, _xlpm.GuessHome - _xlpm.GuessAway, IF( OR($AW$6="", AW9=""), 0 +N("If final or guess is missing, 0 points"), IF( AND(_xlpm.FinalHome=_xlpm.GuessHome, _xlpm.FinalAway=_xlpm.GuessAway), 4 +N("Exact score guessed, 4 points"), IF( AND( SIGN(_xlpm.FinalDiff) = SIGN(_xlpm.GuessDiff), OR(_xlpm.FinalHome=_xlpm.GuessHome, _xlpm.FinalAway=_xlpm.GuessAway) ), 2 +N("Winner and one side score guessed, 2 points"), IF( SIGN(_xlpm.FinalDiff) = SIGN(_xlpm.GuessDiff), 1 +N("Only winner guessed, 1 point"), 0 +N("Wrong guess, 0 points") ) ) ) ) ) -> 0 | BA9: =_xlfn.LET( _xlpm.FinalScore, TRIM(SUBSTITUTE($AW$6," ","")), _xlpm.UserGuess, TRIM(SUBSTITUTE(AZ9," ","")), _xlpm.FinalHome, VALUE(LEFT(_xlpm.FinalScore, FIND(":", _xlpm.FinalScore)-1)), _xlpm.FinalAway, VALUE(MID(_xlpm.FinalScore, FIND(":", _xlpm.FinalScore)+1, LEN(_xlpm.FinalScore))), _xlpm.GuessHome, VALUE(LEFT(_xlpm.UserGuess, FIND(":", _xlpm.UserGuess)-1)), _xlpm.GuessAway, VALUE(MID(_xlpm.UserGuess, FIND(":", _xlpm.UserGuess)+1, LEN(_xlpm.UserGuess))), _xlpm.FinalDiff, _xlpm.FinalHome - _xlpm.FinalAway, _xlpm.GuessDiff, _xlpm.GuessHome - _xlpm.GuessAway, IF( OR($AW$6="", AZ9=""), 0 +N("If final or guess is missing, 0 points"), IF( AND(_xlpm.FinalHome=_xlpm.GuessHome, _xlpm.FinalAway=_xlpm.GuessAway), 5 +N("Exact score guessed, 5 points"), IF( AND( SIGN(_xlpm.FinalDiff) = SIGN(_xlpm.GuessDiff), OR(_xlpm.FinalHome=_xlpm.GuessHome, _xlpm.FinalAway=_xlpm.GuessAway) ), 3 +N("Winner and one side score guessed, 3 points"), IF( SIGN(_xlpm.FinalDiff) = SIGN(_xlpm.GuessDiff), 2 +N("Only winner guessed, 2 point"), 0 +N("Wrong guess, 0 points") ) ) ) ) ) -> 0 | BC9: =_xlfn.LET( _xlpm.FinalScore, TRIM(SUBSTITUTE($AW$6," ","")), _xlpm.UserGuess, TRIM(SUBSTITUTE(BB9," ","")), _xlpm.FinalHome, VALUE(LEFT(_xlpm.FinalScore, FIND(":", _xlpm.FinalScore)-1)), _xlpm.FinalAway, VALUE(MID(_xlpm.FinalScore, FIND(":", _xlpm.FinalScore)+1, LEN(_xlpm.FinalScore))), _xlpm.GuessHome, VALUE(LEFT(_xlpm.UserGuess, FIND(":", _xlpm.UserGuess)-1)), _xlpm.GuessAway, VALUE(MID(_xlpm.UserGuess, FIND(":", _xlpm.UserGuess)+1, LEN(_xlpm.UserGuess))), _xlpm.FinalDiff, _xlpm.FinalHome - _xlpm.FinalAway, _xlpm.GuessDiff, _xlpm.GuessHome - _xlpm.GuessAway, IF( OR($AW$6="", BB9=""), 0 +N("If final or guess is missing, 0 points"), IF( AND(_xlpm.FinalHome=_xlpm.GuessHome, _xlpm.FinalAway=_xlpm.GuessAway), 5 +N("Exact score guessed, 5 points"), IF( AND( SIGN(_xlpm.FinalDiff) = SIGN(_xlpm.GuessDiff), OR(_xlpm.FinalHome=_xlpm.GuessHome, _xlpm.FinalAway=_xlpm.GuessAway) ), 3 +N("Winner and one side score guessed, 3 points"), IF( SIGN(_xlpm.FinalDiff) = SIGN(_xlpm.GuessDiff), 2 +N("Only winner guessed, 2 point"), 0 +N("Wrong guess, 0 points") ) ) ) ) ) -> 0 | BE9: =_xlfn.LET( _xlpm.FinalScore, TRIM(SUBSTITUTE($AW$6," ","")), _xlpm.UserGuess, TRIM(SUBSTITUTE(BD9," ","")), _xlpm.FinalHome, VALUE(LEFT(_xlpm.FinalScore, FIND(":", _xlpm.FinalScore)-1)), _xlpm.FinalAway, VALUE(MID(_xlpm.FinalScore, FIND(":", _xlpm.FinalScore)+1, LEN(_xlpm.FinalScore))), _xlpm.GuessHome, VALUE(LEFT(_xlpm.UserGuess, FIND(":", _xlpm.UserGuess)-1)), _xlpm.GuessAway, VALUE(MID(_xlpm.UserGuess, FIND(":", _xlpm.UserGuess)+1, LEN(_xlpm.UserGuess))), _xlpm.FinalDiff, _xlpm.FinalHome - _xlpm.FinalAway, _xlpm.GuessDiff, _xlpm.GuessHome - _xlpm.GuessAway, IF( OR($AW$6="", BD9=""), 0 +N("If final or guess is missing, 0 points"), IF( AND(_xlpm.FinalHome=_xlpm.GuessHome, _xlpm.FinalAway=_xlpm.GuessAway), 5 +N("Exact score guessed, 5 points"), IF( AND( SIGN(_xlpm.FinalDiff) = SIGN(_xlpm.GuessDiff), OR(_xlpm.FinalHome=_xlpm.GuessHome, _xlpm.FinalAway=_xlpm.GuessAway) ), 3 +N("Winner and one side score guessed, 3 points"), IF( SIGN(_xlpm.FinalDiff) = SIGN(_xlpm.GuessDiff), 2 +N("Only winner guessed, 2 point"), 0 +N("Wrong guess, 0 points") ) ) ) ) ) -> 0 | BG9: =_xlfn.LET( _xlpm.FinalScore, TRIM(SUBSTITUTE($AW$6," ","")), _xlpm.UserGuess, TRIM(SUBSTITUTE(BF9," ","")), _xlpm.FinalHome, VALUE(LEFT(_xlpm.FinalScore, FIND(":", _xlpm.FinalScore)-1)), _xlpm.FinalAway, VALUE(MID(_xlpm.FinalScore, FIND(":", _xlpm.FinalScore)+1, LEN(_xlpm.FinalScore))), _xlpm.GuessHome, VALUE(LEFT(_xlpm.UserGuess, FIND(":", _xlpm.UserGuess)-1)), _xlpm.GuessAway, VALUE(MID(_xlpm.UserGuess, FIND(":", _xlpm.UserGuess)+1, LEN(_xlpm.UserGuess))), _xlpm.FinalDiff, _xlpm.FinalHome - _xlpm.FinalAway, _xlpm.GuessDiff, _xlpm.GuessHome - _xlpm.GuessAway, IF( OR($AW$6="", BF9=""), 0 +N("If final or guess is missing, 0 points"), IF( AND(_xlpm.FinalHome=_xlpm.GuessHome, _xlpm.FinalAway=_xlpm.GuessAway), 5 +N("Exact score guessed, 5 points"), IF( AND( SIGN(_xlpm.FinalDiff) = SIGN(_xlpm.GuessDiff), OR(_xlpm.FinalHome=_xlpm.GuessHome, _xlpm.FinalAway=_xlpm.GuessAway) ), 3 +N("Winner and one side score guessed, 3 points"), IF( SIGN(_xlpm.FinalDiff) = SIGN(_xlpm.GuessDiff), 2 +N("Only winner guessed, 2 point"), 0 +N("Wrong guess, 0 points") ) ) ) ) ) -> 0 | BJ9: =_xlfn.LET( _xlpm.FinalScore, TRIM(SUBSTITUTE($AW$6," ","")), _xlpm.UserGuess, TRIM(SUBSTITUTE(BI9," ","")), _xlpm.FinalHome, VALUE(LEFT(_xlpm.FinalScore, FIND(":", _xlpm.FinalScore)-1)), _xlpm.FinalAway, VALUE(MID(_xlpm.FinalScore, FIND(":", _xlpm.FinalScore)+1, LEN(_xlpm.FinalScore))), _xlpm.GuessHome, VALUE(LEFT(_xlpm.UserGuess, FIND(":", _xlpm.UserGuess)-1)), _xlpm.GuessAway, VALUE(MID(_xlpm.UserGuess, FIND(":", _xlpm.UserGuess)+1, LEN(_xlpm.UserGuess))), _xlpm.FinalDiff, _xlpm.FinalHome - _xlpm.FinalAway, _xlpm.GuessDiff, _xlpm.GuessHome - _xlpm.GuessAway, IF( OR($AW$6="", BI9=""), 0 +N("If final or guess is missing, 0 points"), IF( AND(_xlpm.FinalHome=_xlpm.GuessHome, _xlpm.FinalAway=_xlpm.GuessAway), 5 +N("Exact score guessed, 5 points"), IF( AND( SIGN(_xlpm.FinalDiff) = SIGN(_xlpm.GuessDiff), OR(_xlpm.FinalHome=_xlpm.GuessHome, _xlpm.FinalAway=_xlpm.GuessAway) ), 3 +N("Winner and one side score guessed, 3 points"), IF( SIGN(_xlpm.FinalDiff) = SIGN(_xlpm.GuessDiff), 2 +N("Only winner guessed, 2 point"), 0 +N("Wrong guess, 0 points") ) ) ) ) ) -> 0 | BL9: =_xlfn.LET( _xlpm.FinalScore, TRIM(SUBSTITUTE($AW$6," ","")), _xlpm.UserGuess, TRIM(SUBSTITUTE(BK9," ","")), _xlpm.FinalHome, VALUE(LEFT(_xlpm.FinalScore, FIND(":", _xlpm.FinalScore)-1)), _xlpm.FinalAway, VALUE(MID(_xlpm.FinalScore, FIND(":", _xlpm.FinalScore)+1, LEN(_xlpm.FinalScore))), _xlpm.GuessHome, VALUE(LEFT(_xlpm.UserGuess, FIND(":", _xlpm.UserGuess)-1)), _xlpm.GuessAway, VALUE(MID(_xlpm.UserGuess, FIND(":", _xlpm.UserGuess)+1, LEN(_xlpm.UserGuess))), _xlpm.FinalDiff, _xlpm.FinalHome - _xlpm.FinalAway, _xlpm.GuessDiff, _xlpm.GuessHome - _xlpm.GuessAway, IF( OR($AW$6="", BK9=""), 0 +N("If final or guess is missing, 0 points"), IF( AND(_xlpm.FinalHome=_xlpm.GuessHome, _xlpm.FinalAway=_xlpm.GuessAway), 5 +N("Exact score guessed, 5 points"), IF( AND( SIGN(_xlpm.FinalDiff) = SIGN(_xlpm.GuessDiff), OR(_xlpm.FinalHome=_xlpm.GuessHome, _xlpm.FinalAway=_xlpm.GuessAway) ), 3 +N("Winner and one side score guessed, 3 points"), IF( SIGN(_xlpm.FinalDiff) = SIGN(_xlpm.GuessDiff), 2 +N("Only winner guessed, 2 point"), 0 +N("Wrong guess, 0 points") ) ) ) ) ) -> 0 | BN9: =_xlfn.LET( _xlpm.FinalScore, TRIM(SUBSTITUTE($AW$6," ","")), _xlpm.UserGuess, TRIM(SUBSTITUTE(BM9," ","")), _xlpm.FinalHome, VALUE(LEFT(_xlpm.FinalScore, FIND(":", _xlpm.FinalScore)-1)), _xlpm.FinalAway, VALUE(MID(_xlpm.FinalScore, FIND(":", _xlpm.FinalScore)+1, LEN(_xlpm.FinalScore))), _xlpm.GuessHome, VALUE(LEFT(_xlpm.UserGuess, FIND(":", _xlpm.UserGuess)-1)), _xlpm.GuessAway, VALUE(MID(_xlpm.UserGuess, FIND(":", _xlpm.UserGuess)+1, LEN(_xlpm.UserGuess))), _xlpm.FinalDiff, _xlpm.FinalHome - _xlpm.FinalAway, _xlpm.GuessDiff, _xlpm.GuessHome - _xlpm.GuessAway, IF( OR($AW$6="", BM9=""), 0 +N("If final or guess is missing, 0 points"), IF( AND(_xlpm.FinalHome=_xlpm.GuessHome, _xlpm.FinalAway=_xlpm.GuessAway), 5 +N("Exact score guessed, 5 points"), IF( AND( SIGN(_xlpm.FinalDiff) = SIGN(_xlpm.GuessDiff), OR(_xlpm.FinalHome=_xlpm.GuessHome, _xlpm.FinalAway=_xlpm.GuessAway) ), 3 +N("Winner and one side score guessed, 3 points"), IF( SIGN(_xlpm.FinalDiff) = SIGN(_xlpm.GuessDiff), 2 +N("Only winner guessed, 2 point"), 0 +N("Wrong guess, 0 points") ) ) ) ) ) -> 0 | BP9: =_xlfn.LET( _xlpm.FinalScore, TRIM(SUBSTITUTE($AW$6," ","")), _xlpm.UserGuess, TRIM(SUBSTITUTE(BO9," ","")), _xlpm.FinalHome, VALUE(LEFT(_xlpm.FinalScore, FIND(":", _xlpm.FinalScore)-1)), _xlpm.FinalAway, VALUE(MID(_xlpm.FinalScore, FIND(":", _xlpm.FinalScore)+1, LEN(_xlpm.FinalScore))), _xlpm.GuessHome, VALUE(LEFT(_xlpm.UserGuess, FIND(":", _xlpm.UserGuess)-1)), _xlpm.GuessAway, VALUE(MID(_xlpm.UserGuess, FIND(":", _xlpm.UserGuess)+1, LEN(_xlpm.UserGuess))), _xlpm.FinalDiff, _xlpm.FinalHome - _xlpm.FinalAway, _xlpm.GuessDiff, _xlpm.GuessHome - _xlpm.GuessAway, IF( OR($AW$6="", BO9=""), 0 +N("If final or guess is missing, 0 points"), IF( AND(_xlpm.FinalHome=_xlpm.GuessHome, _xlpm.FinalAway=_xlpm.GuessAway), 5 +N("Exact score guessed, 5 points"), IF( AND( SIGN(_xlpm.FinalDiff) = SIGN(_xlpm.GuessDiff), OR(_xlpm.FinalHome=_xlpm.GuessHome, _xlpm.FinalAway=_xlpm.GuessAway) ), 3 +N("Winner and one side score guessed, 3 points"), IF( SIGN(_xlpm.FinalDiff) = SIGN(_xlpm.GuessDiff), 2 +N("Only winner guessed, 2 point"), 0 +N("Wrong guess, 0 points") ) ) ) ) ) -> 0 | BS9: =_xlfn.LET( _xlpm.FinalScore, TRIM(SUBSTITUTE($AW$6," ","")), _xlpm.UserGuess, TRIM(SUBSTITUTE(BR9," ","")), _xlpm.FinalHome, VALUE(LEFT(_xlpm.FinalScore, FIND(":", _xlpm.FinalScore)-1)), _xlpm.FinalAway, VALUE(MID(_xlpm.FinalScore, FIND(":", _xlpm.FinalScore)+1, LEN(_xlpm.FinalScore))), _xlpm.GuessHome, VALUE(LEFT(_xlpm.UserGuess, FIND(":", _xlpm.UserGuess)-1)), _xlpm.GuessAway, VALUE(MID(_xlpm.UserGuess, FIND(":", _xlpm.UserGuess)+1, LEN(_xlpm.UserGuess))), _xlpm.FinalDiff, _xlpm.FinalHome - _xlpm.FinalAway, _xlpm.GuessDiff, _xlpm.GuessHome - _xlpm.GuessAway, IF( OR($AW$6="", BR9=""), 0 +N("If final or guess is missing, 0 points"), IF( AND(_xlpm.FinalHome=_xlpm.GuessHome, _xlpm.FinalAway=_xlpm.GuessAway), 5 +N("Exact score guessed, 5 points"), IF( AND( SIGN(_xlpm.FinalDiff) = SIGN(_xlpm.GuessDiff), OR(_xlpm.FinalHome=_xlpm.GuessHome, _xlpm.FinalAway=_xlpm.GuessAway) ), 3 +N("Winner and one side score guessed, 3 points"), IF( SIGN(_xlpm.FinalDiff) = SIGN(_xlpm.GuessDiff), 2 +N("Only winner guessed, 2 point"), 0 +N("Wrong guess, 0 points") ) ) ) ) ) -> 0 | BU9: =_xlfn.LET( _xlpm.FinalScore, TRIM(SUBSTITUTE($AW$6," ","")), _xlpm.UserGuess, TRIM(SUBSTITUTE(BT9," ","")), _xlpm.FinalHome, VALUE(LEFT(_xlpm.FinalScore, FIND(":", _xlpm.FinalScore)-1)), _xlpm.FinalAway, VALUE(MID(_xlpm.FinalScore, FIND(":", _xlpm.FinalScore)+1, LEN(_xlpm.FinalScore))), _xlpm.GuessHome, VALUE(LEFT(_xlpm.UserGuess, FIND(":", _xlpm.UserGuess)-1)), _xlpm.GuessAway, VALUE(MID(_xlpm.UserGuess, FIND(":", _xlpm.UserGuess)+1, LEN(_xlpm.UserGuess))), _xlpm.FinalDiff, _xlpm.FinalHome - _xlpm.FinalAway, _xlpm.GuessDiff, _xlpm.GuessHome - _xlpm.GuessAway, IF( OR($AW$6="", BT9=""), 0 +N("If final or guess is missing, 0 points"), IF( AND(_xlpm.FinalHome=_xlpm.GuessHome, _xlpm.FinalAway=_xlpm.GuessAway), 5 +N("Exact score guessed, 5 points"), IF( AND( SIGN(_xlpm.FinalDiff) = SIGN(_xlpm.GuessDiff), OR(_xlpm.FinalHome=_xlpm.GuessHome, _xlpm.FinalAway=_xlpm.GuessAway) ), 3 +N("Winner and one side score guessed, 3 points"), IF( SIGN(_xlpm.FinalDiff) = SIGN(_xlpm.GuessDiff), 2 +N("Only winner guessed, 2 point"), 0 +N("Wrong guess, 0 points") ) ) ) ) ) -> 0 | BX9: =_xlfn.LET( _xlpm.FinalScore, TRIM(SUBSTITUTE($AW$6," ","")), _xlpm.UserGuess, TRIM(SUBSTITUTE(BW9," ","")), _xlpm.FinalHome, VALUE(LEFT(_xlpm.FinalScore, FIND(":", _xlpm.FinalScore)-1)), _xlpm.FinalAway, VALUE(MID(_xlpm.FinalScore, FIND(":", _xlpm.FinalScore)+1, LEN(_xlpm.FinalScore))), _xlpm.GuessHome, VALUE(LEFT(_xlpm.UserGuess, FIND(":", _xlpm.UserGuess)-1)), _xlpm.GuessAway, VALUE(MID(_xlpm.UserGuess, FIND(":", _xlpm.UserGuess)+1, LEN(_xlpm.UserGuess))), _xlpm.FinalDiff, _xlpm.FinalHome - _xlpm.FinalAway, _xlpm.GuessDiff, _xlpm.GuessHome - _xlpm.GuessAway, IF( OR($AW$6="", BW9=""), 0 +N("If final or guess is missing, 0 points"), IF( AND(_xlpm.FinalHome=_xlpm.GuessHome, _xlpm.FinalAway=_xlpm.GuessAway), 5 +N("Exact score guessed, 5 points"), IF( AND( SIGN(_xlpm.FinalDiff) = SIGN(_xlpm.GuessDiff), OR(_xlpm.FinalHome=_xlpm.GuessHome, _xlpm.FinalAway=_xlpm.GuessAway) ), 3 +N("Winner and one side score guessed, 3 points"), IF( SIGN(_xlpm.FinalDiff) = SIGN(_xlpm.GuessDiff), 2 +N("Only winner guessed, 2 point"), 0 +N("Wrong guess, 0 points") ) ) ) ) ) -> 0 | CA9: =_xlfn.LET( _xlpm.FinalScore, TRIM(SUBSTITUTE($AW$6," ","")), _xlpm.UserGuess, TRIM(SUBSTITUTE(BZ9," ","")), _xlpm.FinalHome, VALUE(LEFT(_xlpm.FinalScore, FIND(":", _xlpm.FinalScore)-1)), _xlpm.FinalAway, VALUE(MID(_xlpm.FinalScore, FIND(":", _xlpm.FinalScore)+1, LEN(_xlpm.FinalScore))), _xlpm.GuessHome, VALUE(LEFT(_xlpm.UserGuess, FIND(":", _xlpm.UserGuess)-1)), _xlpm.GuessAway, VALUE(MID(_xlpm.UserGuess, FIND(":", _xlpm.UserGuess)+1, LEN(_xlpm.UserGuess))), _xlpm.FinalDiff, _xlpm.FinalHome - _xlpm.FinalAway, _xlpm.GuessDiff, _xlpm.GuessHome - _xlpm.GuessAway, IF( OR($AW$6="", BZ9=""), 0 +N("If final or guess is missing, 0 points"), IF( AND(_xlpm.FinalHome=_xlpm.GuessHome, _xlpm.FinalAway=_xlpm.GuessAway), 5 +N("Exact score guessed, 5 points"), IF( AND( SIGN(_xlpm.FinalDiff) = SIGN(_xlpm.GuessDiff), OR(_xlpm.FinalHome=_xlpm.GuessHome, _xlpm.FinalAway=_xlpm.GuessAway) ), 3 +N("Winner and one side score guessed, 3 points"), IF( SIGN(_xlpm.FinalDiff) = SIGN(_xlpm.GuessDiff), 2 +N("Only winner guessed, 2 point"), 0 +N("Wrong guess, 0 points") ) ) ) ) ) -> 0
A10: 4 | B10: Peter Juhas | C10: peter.juhas@ibm.com | D10: Slovakia | E10: =IF(K10<>"",1,0)+IF(M10<>"",1,0)+IF(P10<>"",1,0)+IF(R10<>"",1,0)+IF(T10<>"",1,0)+IF(V10<>"",1,0)+IF(Y10<>"",1,0)+IF(AA10<>"",1,0)+IF(AC10<>"",1,0)+IF(AE10<>"",1,0)+IF(AH10<>"",1,0)+IF(AJ10<>"",1,0)+IF(AL10<>"",1,0)+IF(AN10<>"",1,0)+IF(AQ10<>"",1,0)+IF(AS10<>"",1,0)+IF(AU10<>"",1,0)+IF(AW10<>"",1,0)+IF(AZ10<>"",1,0)+IF(BB10<>"",1,0)+IF(BD10<>"",1,0)+IF(BF10<>"",1,0)+IF(BI10<>"",1,0)+IF(BK10<>"",1,0)+IF(BM10<>"",1,0)+IF(BO10<>"",1,0) +IF(BR10<>"",1,0) +IF(BT10<>"",1,0) +IF(BW10<>"",1,0) +IF(BZ10<>"",1,0) -> 0 | F10: =IF(L10=4,1,0)+IF(N10=4,1,0)+IF(Q10=4,1,0)+IF(S10=4,1,0)+IF(U10=4,1,0)+IF(W10=4,1,0)+IF(Z10=4,1,0)+IF(AB10=4,1,0)+IF(AD10=4,1,0)+IF(AF10=4,1,0)+IF(AI10=4,1,0)+IF(AK10=4,1,0)+IF(AM10=4,1,0)+IF(AO10=4,1,0)+IF(AR10=4,1,0)+IF(AT10=4,1,0)+IF(AV10=4,1,0)+IF(AX10=4,1,0)+IF(BA10=5,1,0)+IF(BC10=5,1,0)+IF(BE10=5,1,0)+IF(BG10=5,1,0)+IF(BJ10=5,1,0)+IF(BL10=5,1,0)+IF(BN10=5,1,0)+IF(BP10=5,1,0) +IF(BS10=5,1,0) +IF(BU10=5,1,0) +IF(BX10=5,1,0) +IF(CA10=5,1,0) -> 0 | G10: =L10+N10+Q10+S10+U10+W10+Z10+AB10+AD10+AF10+AI10+AK10+AM10+AO10+AR10+AT10+AV10+AX10 -> 0 | H10: =BA10+BC10+BE10+BG10+BJ10+BL10+BN10+BP10 +BS10 +BU10 +BX10 +CA10 -> 0 | I10: =G10+H10 -> 0 | L10: =_xlfn.LET( _xlpm.FinalScore, TRIM(SUBSTITUTE($K$6," ","")), _xlpm.UserGuess, TRIM(SUBSTITUTE(K10," ","")), _xlpm.FinalHome, VALUE(LEFT(_xlpm.FinalScore, FIND(":", _xlpm.FinalScore)-1)), _xlpm.FinalAway, VALUE(MID(_xlpm.FinalScore, FIND(":", _xlpm.FinalScore)+1, LEN(_xlpm.FinalScore))), _xlpm.GuessHome, VALUE(LEFT(_xlpm.UserGuess, FIND(":", _xlpm.UserGuess)-1)), _xlpm.GuessAway, VALUE(MID(_xlpm.UserGuess, FIND(":", _xlpm.UserGuess)+1, LEN(_xlpm.UserGuess))), _xlpm.FinalDiff, _xlpm.FinalHome - _xlpm.FinalAway, _xlpm.GuessDiff, _xlpm.GuessHome - _xlpm.GuessAway, IF( OR($K$6="", K10=""), 0 +N("If final or guess is missing, 0 points"), IF( AND(_xlpm.FinalHome=_xlpm.GuessHome, _xlpm.FinalAway=_xlpm.GuessAway), 4 +N("Exact score guessed, 4 points"), IF( AND( SIGN(_xlpm.FinalDiff) = SIGN(_xlpm.GuessDiff), OR(_xlpm.FinalHome=_xlpm.GuessHome, _xlpm.FinalAway=_xlpm.GuessAway) ), 2 +N("Winner and one side score guessed, 2 points"), IF( SIGN(_xlpm.FinalDiff) = SIGN(_xlpm.GuessDiff), 1 +N("Only winner guessed, 1 point"), 0 +N("Wrong guess, 0 points") ) ) ) ) ) -> 0 | N10: =_xlfn.LET( _xlpm.FinalScore, TRIM(SUBSTITUTE($M$6," ","")), _xlpm.UserGuess, TRIM(SUBSTITUTE(M10," ","")), _xlpm.FinalHome, VALUE(LEFT(_xlpm.FinalScore, FIND(":", _xlpm.FinalScore)-1)), _xlpm.FinalAway, VALUE(MID(_xlpm.FinalScore, FIND(":", _xlpm.FinalScore)+1, LEN(_xlpm.FinalScore))), _xlpm.GuessHome, VALUE(LEFT(_xlpm.UserGuess, FIND(":", _xlpm.UserGuess)-1)), _xlpm.GuessAway, VALUE(MID(_xlpm.UserGuess, FIND(":", _xlpm.UserGuess)+1, LEN(_xlpm.UserGuess))), _xlpm.FinalDiff, _xlpm.FinalHome - _xlpm.FinalAway, _xlpm.GuessDiff, _xlpm.GuessHome - _xlpm.GuessAway, IF( OR($M$6="", M10=""), 0 +N("If final or guess is missing, 0 points"), IF( AND(_xlpm.FinalHome=_xlpm.GuessHome, _xlpm.FinalAway=_xlpm.GuessAway), 4 +N("Exact score guessed, 4 points"), IF( AND( SIGN(_xlpm.FinalDiff) = SIGN(_xlpm.GuessDiff), OR(_xlpm.FinalHome=_xlpm.GuessHome, _xlpm.FinalAway=_xlpm.GuessAway) ), 2 +N("Winner and one side score guessed, 2 points"), IF( SIGN(_xlpm.FinalDiff) = SIGN(_xlpm.GuessDiff), 1 +N("Only winner guessed, 1 point"), 0 +N("Wrong guess, 0 points") ) ) ) ) ) -> 0 | Q10: =_xlfn.LET( _xlpm.FinalScore, TRIM(SUBSTITUTE($P$6," ","")), _xlpm.UserGuess, TRIM(SUBSTITUTE(P10," ","")), _xlpm.FinalHome, VALUE(LEFT(_xlpm.FinalScore, FIND(":", _xlpm.FinalScore)-1)), _xlpm.FinalAway, VALUE(MID(_xlpm.FinalScore, FIND(":", _xlpm.FinalScore)+1, LEN(_xlpm.FinalScore))), _xlpm.GuessHome, VALUE(LEFT(_xlpm.UserGuess, FIND(":", _xlpm.UserGuess)-1)), _xlpm.GuessAway, VALUE(MID(_xlpm.UserGuess, FIND(":", _xlpm.UserGuess)+1, LEN(_xlpm.UserGuess))), _xlpm.FinalDiff, _xlpm.FinalHome - _xlpm.FinalAway, _xlpm.GuessDiff, _xlpm.GuessHome - _xlpm.GuessAway, IF( OR($P$6="", P10=""), 0 +N("If final or guess is missing, 0 points"), IF( AND(_xlpm.FinalHome=_xlpm.GuessHome, _xlpm.FinalAway=_xlpm.GuessAway), 4 +N("Exact score guessed, 4 points"), IF( AND( SIGN(_xlpm.FinalDiff) = SIGN(_xlpm.GuessDiff), OR(_xlpm.FinalHome=_xlpm.GuessHome, _xlpm.FinalAway=_xlpm.GuessAway) ), 2 +N("Winner and one side score guessed, 2 points"), IF( SIGN(_xlpm.FinalDiff) = SIGN(_xlpm.GuessDiff), 1 +N("Only winner guessed, 1 point"), 0 +N("Wrong guess, 0 points") ) ) ) ) ) -> 0 | S10: =_xlfn.LET( _xlpm.FinalScore, TRIM(SUBSTITUTE($R$6," ","")), _xlpm.UserGuess, TRIM(SUBSTITUTE(R10," ","")), _xlpm.FinalHome, VALUE(LEFT(_xlpm.FinalScore, FIND(":", _xlpm.FinalScore)-1)), _xlpm.FinalAway, VALUE(MID(_xlpm.FinalScore, FIND(":", _xlpm.FinalScore)+1, LEN(_xlpm.FinalScore))), _xlpm.GuessHome, VALUE(LEFT(_xlpm.UserGuess, FIND(":", _xlpm.UserGuess)-1)), _xlpm.GuessAway, VALUE(MID(_xlpm.UserGuess, FIND(":", _xlpm.UserGuess)+1, LEN(_xlpm.UserGuess))), _xlpm.FinalDiff, _xlpm.FinalHome - _xlpm.FinalAway, _xlpm.GuessDiff, _xlpm.GuessHome - _xlpm.GuessAway, IF( OR($R$6="", R10=""), 0 +N("If final or guess is missing, 0 points"), IF( AND(_xlpm.FinalHome=_xlpm.GuessHome, _xlpm.FinalAway=_xlpm.GuessAway), 4 +N("Exact score guessed, 4 points"), IF( AND( SIGN(_xlpm.FinalDiff) = SIGN(_xlpm.GuessDiff), OR(_xlpm.FinalHome=_xlpm.GuessHome, _xlpm.FinalAway=_xlpm.GuessAway) ), 2 +N("Winner and one side score guessed, 2 points"), IF( SIGN(_xlpm.FinalDiff) = SIGN(_xlpm.GuessDiff), 1 +N("Only winner guessed, 1 point"), 0 +N("Wrong guess, 0 points") ) ) ) ) ) -> 0 | U10: =_xlfn.LET( _xlpm.FinalScore, TRIM(SUBSTITUTE($T$6," ","")), _xlpm.UserGuess, TRIM(SUBSTITUTE(T10," ","")), _xlpm.FinalHome, VALUE(LEFT(_xlpm.FinalScore, FIND(":", _xlpm.FinalScore)-1)), _xlpm.FinalAway, VALUE(MID(_xlpm.FinalScore, FIND(":", _xlpm.FinalScore)+1, LEN(_xlpm.FinalScore))), _xlpm.GuessHome, VALUE(LEFT(_xlpm.UserGuess, FIND(":", _xlpm.UserGuess)-1)), _xlpm.GuessAway, VALUE(MID(_xlpm.UserGuess, FIND(":", _xlpm.UserGuess)+1, LEN(_xlpm.UserGuess))), _xlpm.FinalDiff, _xlpm.FinalHome - _xlpm.FinalAway, _xlpm.GuessDiff, _xlpm.GuessHome - _xlpm.GuessAway, IF( OR($T$6="", T10=""), 0 +N("If final or guess is missing, 0 points"), IF( AND(_xlpm.FinalHome=_xlpm.GuessHome, _xlpm.FinalAway=_xlpm.GuessAway), 4 +N("Exact score guessed, 4 points"), IF( AND( SIGN(_xlpm.FinalDiff) = SIGN(_xlpm.GuessDiff), OR(_xlpm.FinalHome=_xlpm.GuessHome, _xlpm.FinalAway=_xlpm.GuessAway) ), 2 +N("Winner and one side score guessed, 2 points"), IF( SIGN(_xlpm.FinalDiff) = SIGN(_xlpm.GuessDiff), 1 +N("Only winner guessed, 1 point"), 0 +N("Wrong guess, 0 points") ) ) ) ) ) -> 0 | W10: =_xlfn.LET( _xlpm.FinalScore, TRIM(SUBSTITUTE($V$6," ","")), _xlpm.UserGuess, TRIM(SUBSTITUTE(V10," ","")), _xlpm.FinalHome, VALUE(LEFT(_xlpm.FinalScore, FIND(":", _xlpm.FinalScore)-1)), _xlpm.FinalAway, VALUE(MID(_xlpm.FinalScore, FIND(":", _xlpm.FinalScore)+1, LEN(_xlpm.FinalScore))), _xlpm.GuessHome, VALUE(LEFT(_xlpm.UserGuess, FIND(":", _xlpm.UserGuess)-1)), _xlpm.GuessAway, VALUE(MID(_xlpm.UserGuess, FIND(":", _xlpm.UserGuess)+1, LEN(_xlpm.UserGuess))), _xlpm.FinalDiff, _xlpm.FinalHome - _xlpm.FinalAway, _xlpm.GuessDiff, _xlpm.GuessHome - _xlpm.GuessAway, IF( OR($V$6="", V10=""), 0 +N("If final or guess is missing, 0 points"), IF( AND(_xlpm.FinalHome=_xlpm.GuessHome, _xlpm.FinalAway=_xlpm.GuessAway), 4 +N("Exact score guessed, 4 points"), IF( AND( SIGN(_xlpm.FinalDiff) = SIGN(_xlpm.GuessDiff), OR(_xlpm.FinalHome=_xlpm.GuessHome, _xlpm.FinalAway=_xlpm.GuessAway) ), 2 +N("Winner and one side score guessed, 2 points"), IF( SIGN(_xlpm.FinalDiff) = SIGN(_xlpm.GuessDiff), 1 +N("Only winner guessed, 1 point"), 0 +N("Wrong guess, 0 points") ) ) ) ) ) -> 0 | Z10: =_xlfn.LET( _xlpm.FinalScore, TRIM(SUBSTITUTE($Y$6," ","")), _xlpm.UserGuess, TRIM(SUBSTITUTE(Y10," ","")), _xlpm.FinalHome, VALUE(LEFT(_xlpm.FinalScore, FIND(":", _xlpm.FinalScore)-1)), _xlpm.FinalAway, VALUE(MID(_xlpm.FinalScore, FIND(":", _xlpm.FinalScore)+1, LEN(_xlpm.FinalScore))), _xlpm.GuessHome, VALUE(LEFT(_xlpm.UserGuess, FIND(":", _xlpm.UserGuess)-1)), _xlpm.GuessAway, VALUE(MID(_xlpm.UserGuess, FIND(":", _xlpm.UserGuess)+1, LEN(_xlpm.UserGuess))), _xlpm.FinalDiff, _xlpm.FinalHome - _xlpm.FinalAway, _xlpm.GuessDiff, _xlpm.GuessHome - _xlpm.GuessAway, IF( OR($Y$6="", Y10=""), 0 +N("If final or guess is missing, 0 points"), IF( AND(_xlpm.FinalHome=_xlpm.GuessHome, _xlpm.FinalAway=_xlpm.GuessAway), 4 +N("Exact score guessed, 4 points"), IF( AND( SIGN(_xlpm.FinalDiff) = SIGN(_xlpm.GuessDiff), OR(_xlpm.FinalHome=_xlpm.GuessHome, _xlpm.FinalAway=_xlpm.GuessAway) ), 2 +N("Winner and one side score guessed, 2 points"), IF( SIGN(_xlpm.FinalDiff) = SIGN(_xlpm.GuessDiff), 1 +N("Only winner guessed, 1 point"), 0 +N("Wrong guess, 0 points") ) ) ) ) ) -> 0 | AB10: =_xlfn.LET( _xlpm.FinalScore, TRIM(SUBSTITUTE($AA$6," ","")), _xlpm.UserGuess, TRIM(SUBSTITUTE(AA10," ","")), _xlpm.FinalHome, VALUE(LEFT(_xlpm.FinalScore, FIND(":", _xlpm.FinalScore)-1)), _xlpm.FinalAway, VALUE(MID(_xlpm.FinalScore, FIND(":", _xlpm.FinalScore)+1, LEN(_xlpm.FinalScore))), _xlpm.GuessHome, VALUE(LEFT(_xlpm.UserGuess, FIND(":", _xlpm.UserGuess)-1)), _xlpm.GuessAway, VALUE(MID(_xlpm.UserGuess, FIND(":", _xlpm.UserGuess)+1, LEN(_xlpm.UserGuess))), _xlpm.FinalDiff, _xlpm.FinalHome - _xlpm.FinalAway, _xlpm.GuessDiff, _xlpm.GuessHome - _xlpm.GuessAway, IF( OR($AA$6="", AA10=""), 0 +N("If final or guess is missing, 0 points"), IF( AND(_xlpm.FinalHome=_xlpm.GuessHome, _xlpm.FinalAway=_xlpm.GuessAway), 4 +N("Exact score guessed, 4 points"), IF( AND( SIGN(_xlpm.FinalDiff) = SIGN(_xlpm.GuessDiff), OR(_xlpm.FinalHome=_xlpm.GuessHome, _xlpm.FinalAway=_xlpm.GuessAway) ), 2 +N("Winner and one side score guessed, 2 points"), IF( SIGN(_xlpm.FinalDiff) = SIGN(_xlpm.GuessDiff), 1 +N("Only winner guessed, 1 point"), 0 +N("Wrong guess, 0 points") ) ) ) ) ) -> 0 | AD10: =_xlfn.LET( _xlpm.FinalScore, TRIM(SUBSTITUTE($AC$6," ","")), _xlpm.UserGuess, TRIM(SUBSTITUTE(AC10," ","")), _xlpm.FinalHome, VALUE(LEFT(_xlpm.FinalScore, FIND(":", _xlpm.FinalScore)-1)), _xlpm.FinalAway, VALUE(MID(_xlpm.FinalScore, FIND(":", _xlpm.FinalScore)+1, LEN(_xlpm.FinalScore))), _xlpm.GuessHome, VALUE(LEFT(_xlpm.UserGuess, FIND(":", _xlpm.UserGuess)-1)), _xlpm.GuessAway, VALUE(MID(_xlpm.UserGuess, FIND(":", _xlpm.UserGuess)+1, LEN(_xlpm.UserGuess))), _xlpm.FinalDiff, _xlpm.FinalHome - _xlpm.FinalAway, _xlpm.GuessDiff, _xlpm.GuessHome - _xlpm.GuessAway, IF( OR($AC$6="", AC10=""), 0 +N("If final or guess is missing, 0 points"), IF( AND(_xlpm.FinalHome=_xlpm.GuessHome, _xlpm.FinalAway=_xlpm.GuessAway), 4 +N("Exact score guessed, 4 points"), IF( AND( SIGN(_xlpm.FinalDiff) = SIGN(_xlpm.GuessDiff), OR(_xlpm.FinalHome=_xlpm.GuessHome, _xlpm.FinalAway=_xlpm.GuessAway) ), 2 +N("Winner and one side score guessed, 2 points"), IF( SIGN(_xlpm.FinalDiff) = SIGN(_xlpm.GuessDiff), 1 +N("Only winner guessed, 1 point"), 0 +N("Wrong guess, 0 points") ) ) ) ) ) -> 0 | AF10: =_xlfn.LET( _xlpm.FinalScore, TRIM(SUBSTITUTE($AE$6," ","")), _xlpm.UserGuess, TRIM(SUBSTITUTE(AE10," ","")), _xlpm.FinalHome, VALUE(LEFT(_xlpm.FinalScore, FIND(":", _xlpm.FinalScore)-1)), _xlpm.FinalAway, VALUE(MID(_xlpm.FinalScore, FIND(":", _xlpm.FinalScore)+1, LEN(_xlpm.FinalScore))), _xlpm.GuessHome, VALUE(LEFT(_xlpm.UserGuess, FIND(":", _xlpm.UserGuess)-1)), _xlpm.GuessAway, VALUE(MID(_xlpm.UserGuess, FIND(":", _xlpm.UserGuess)+1, LEN(_xlpm.UserGuess))), _xlpm.FinalDiff, _xlpm.FinalHome - _xlpm.FinalAway, _xlpm.GuessDiff, _xlpm.GuessHome - _xlpm.GuessAway, IF( OR($AE$6="", AE10=""), 0 +N("If final or guess is missing, 0 points"), IF( AND(_xlpm.FinalHome=_xlpm.GuessHome, _xlpm.FinalAway=_xlpm.GuessAway), 4 +N("Exact score guessed, 4 points"), IF( AND( SIGN(_xlpm.FinalDiff) = SIGN(_xlpm.GuessDiff), OR(_xlpm.FinalHome=_xlpm.GuessHome, _xlpm.FinalAway=_xlpm.GuessAway) ), 2 +N("Winner and one side score guessed, 2 points"), IF( SIGN(_xlpm.FinalDiff) = SIGN(_xlpm.GuessDiff), 1 +N("Only winner guessed, 1 point"), 0 +N("Wrong guess, 0 points") ) ) ) ) ) -> 0 | AI10: =_xlfn.LET( _xlpm.FinalScore, TRIM(SUBSTITUTE($AH$6," ","")), _xlpm.UserGuess, TRIM(SUBSTITUTE(AH10," ","")), _xlpm.FinalHome, VALUE(LEFT(_xlpm.FinalScore, FIND(":", _xlpm.FinalScore)-1)), _xlpm.FinalAway, VALUE(MID(_xlpm.FinalScore, FIND(":", _xlpm.FinalScore)+1, LEN(_xlpm.FinalScore))), _xlpm.GuessHome, VALUE(LEFT(_xlpm.UserGuess, FIND(":", _xlpm.UserGuess)-1)), _xlpm.GuessAway, VALUE(MID(_xlpm.UserGuess, FIND(":", _xlpm.UserGuess)+1, LEN(_xlpm.UserGuess))), _xlpm.FinalDiff, _xlpm.FinalHome - _xlpm.FinalAway, _xlpm.GuessDiff, _xlpm.GuessHome - _xlpm.GuessAway, IF( OR($AH$6="", AH10=""), 0 +N("If final or guess is missing, 0 points"), IF( AND(_xlpm.FinalHome=_xlpm.GuessHome, _xlpm.FinalAway=_xlpm.GuessAway), 4 +N("Exact score guessed, 4 points"), IF( AND( SIGN(_xlpm.FinalDiff) = SIGN(_xlpm.GuessDiff), OR(_xlpm.FinalHome=_xlpm.GuessHome, _xlpm.FinalAway=_xlpm.GuessAway) ), 2 +N("Winner and one side score guessed, 2 points"), IF( SIGN(_xlpm.FinalDiff) = SIGN(_xlpm.GuessDiff), 1 +N("Only winner guessed, 1 point"), 0 +N("Wrong guess, 0 points") ) ) ) ) ) -> 0 | AK10: =_xlfn.LET( _xlpm.FinalScore,TRIM(SUBSTITUTE($AJ$6," ","")), _xlpm.UserGuess,TRIM(SUBSTITUTE(AJ10," ","")), _xlpm.FinalHome,VALUE(LEFT(_xlpm.FinalScore,FIND(":",_xlpm.FinalScore)-1)), _xlpm.FinalAway,VALUE(MID(_xlpm.FinalScore,FIND(":",_xlpm.FinalScore)+1,LEN(_xlpm.FinalScore))), _xlpm.GuessHome,VALUE(LEFT(_xlpm.UserGuess,FIND(":",_xlpm.UserGuess)-1)), _xlpm.GuessAway,VALUE(MID(_xlpm.UserGuess,FIND(":",_xlpm.UserGuess)+1,LEN(_xlpm.UserGuess))), _xlpm.FinalDiff,_xlpm.FinalHome-_xlpm.FinalAway, _xlpm.GuessDiff,_xlpm.GuessHome-_xlpm.GuessAway, IF( OR($AJ$6="",AJ10=""), 0+N("If final or guess is missing, 0 points"), IF( AND(_xlpm.FinalHome=_xlpm.GuessHome,_xlpm.FinalAway=_xlpm.GuessAway), 4+N("Exact score guessed, 4 points"), IF( AND( SIGN(_xlpm.FinalDiff)=SIGN(_xlpm.GuessDiff), OR(_xlpm.FinalHome=_xlpm.GuessHome,_xlpm.FinalAway=_xlpm.GuessAway) ), 2+N("Winner and one side score guessed, 2 points"), IF( SIGN(_xlpm.FinalDiff)=SIGN(_xlpm.GuessDiff), 1+N("Only winner guessed, 1 point"), 0+N("Wrong guess, 0 points") ) ) ) ) ) -> 0 | AM10: =_xlfn.LET( _xlpm.FinalScore, TRIM(SUBSTITUTE($AL$6," ","")), _xlpm.UserGuess, TRIM(SUBSTITUTE(AL10," ","")), _xlpm.FinalHome, VALUE(LEFT(_xlpm.FinalScore, FIND(":", _xlpm.FinalScore)-1)), _xlpm.FinalAway, VALUE(MID(_xlpm.FinalScore, FIND(":", _xlpm.FinalScore)+1, LEN(_xlpm.FinalScore))), _xlpm.GuessHome, VALUE(LEFT(_xlpm.UserGuess, FIND(":", _xlpm.UserGuess)-1)), _xlpm.GuessAway, VALUE(MID(_xlpm.UserGuess, FIND(":", _xlpm.UserGuess)+1, LEN(_xlpm.UserGuess))), _xlpm.FinalDiff, _xlpm.FinalHome - _xlpm.FinalAway, _xlpm.GuessDiff, _xlpm.GuessHome - _xlpm.GuessAway, IF( OR($AL$6="", AL10=""), 0 +N("If final or guess is missing, 0 points"), IF( AND(_xlpm.FinalHome=_xlpm.GuessHome, _xlpm.FinalAway=_xlpm.GuessAway), 4 +N("Exact score guessed, 4 points"), IF( AND( SIGN(_xlpm.FinalDiff) = SIGN(_xlpm.GuessDiff), OR(_xlpm.FinalHome=_xlpm.GuessHome, _xlpm.FinalAway=_xlpm.GuessAway) ), 2 +N("Winner and one side score guessed, 2 points"), IF( SIGN(_xlpm.FinalDiff) = SIGN(_xlpm.GuessDiff), 1 +N("Only winner guessed, 1 point"), 0 +N("Wrong guess, 0 points") ) ) ) ) ) -> 0 | AO10: =_xlfn.LET( _xlpm.FinalScore, TRIM(SUBSTITUTE($AN$6," ","")), _xlpm.UserGuess, TRIM(SUBSTITUTE(AN10," ","")), _xlpm.FinalHome, VALUE(LEFT(_xlpm.FinalScore, FIND(":", _xlpm.FinalScore)-1)), _xlpm.FinalAway, VALUE(MID(_xlpm.FinalScore, FIND(":", _xlpm.FinalScore)+1, LEN(_xlpm.FinalScore))), _xlpm.GuessHome, VALUE(LEFT(_xlpm.UserGuess, FIND(":", _xlpm.UserGuess)-1)), _xlpm.GuessAway, VALUE(MID(_xlpm.UserGuess, FIND(":", _xlpm.UserGuess)+1, LEN(_xlpm.UserGuess))), _xlpm.FinalDiff, _xlpm.FinalHome - _xlpm.FinalAway, _xlpm.GuessDiff, _xlpm.GuessHome - _xlpm.GuessAway, IF( OR($AN$6="", AN10=""), 0 +N("If final or guess is missing, 0 points"), IF( AND(_xlpm.FinalHome=_xlpm.GuessHome, _xlpm.FinalAway=_xlpm.GuessAway), 4 +N("Exact score guessed, 4 points"), IF( AND( SIGN(_xlpm.FinalDiff) = SIGN(_xlpm.GuessDiff), OR(_xlpm.FinalHome=_xlpm.GuessHome, _xlpm.FinalAway=_xlpm.GuessAway) ), 2 +N("Winner and one side score guessed, 2 points"), IF( SIGN(_xlpm.FinalDiff) = SIGN(_xlpm.GuessDiff), 1 +N("Only winner guessed, 1 point"), 0 +N("Wrong guess, 0 points") ) ) ) ) ) -> 0 | AR10: =_xlfn.LET( _xlpm.FinalScore, TRIM(SUBSTITUTE($AQ$6," ","")), _xlpm.UserGuess, TRIM(SUBSTITUTE(AQ10," ","")), _xlpm.FinalHome, VALUE(LEFT(_xlpm.FinalScore, FIND(":", _xlpm.FinalScore)-1)), _xlpm.FinalAway, VALUE(MID(_xlpm.FinalScore, FIND(":", _xlpm.FinalScore)+1, LEN(_xlpm.FinalScore))), _xlpm.GuessHome, VALUE(LEFT(_xlpm.UserGuess, FIND(":", _xlpm.UserGuess)-1)), _xlpm.GuessAway, VALUE(MID(_xlpm.UserGuess, FIND(":", _xlpm.UserGuess)+1, LEN(_xlpm.UserGuess))), _xlpm.FinalDiff, _xlpm.FinalHome - _xlpm.FinalAway, _xlpm.GuessDiff, _xlpm.GuessHome - _xlpm.GuessAway, IF( OR($AQ$6="", AQ10=""), 0 +N("If final or guess is missing, 0 points"), IF( AND(_xlpm.FinalHome=_xlpm.GuessHome, _xlpm.FinalAway=_xlpm.GuessAway), 4 +N("Exact score guessed, 4 points"), IF( AND( SIGN(_xlpm.FinalDiff) = SIGN(_xlpm.GuessDiff), OR(_xlpm.FinalHome=_xlpm.GuessHome, _xlpm.FinalAway=_xlpm.GuessAway) ), 2 +N("Winner and one side score guessed, 2 points"), IF( SIGN(_xlpm.FinalDiff) = SIGN(_xlpm.GuessDiff), 1 +N("Only winner guessed, 1 point"), 0 +N("Wrong guess, 0 points") ) ) ) ) ) -> 0 | AT10: =_xlfn.LET( _xlpm.FinalScore, TRIM(SUBSTITUTE($AS$6," ","")), _xlpm.UserGuess, TRIM(SUBSTITUTE(AS10," ","")), _xlpm.FinalHome, VALUE(LEFT(_xlpm.FinalScore, FIND(":", _xlpm.FinalScore)-1)), _xlpm.FinalAway, VALUE(MID(_xlpm.FinalScore, FIND(":", _xlpm.FinalScore)+1, LEN(_xlpm.FinalScore))), _xlpm.GuessHome, VALUE(LEFT(_xlpm.UserGuess, FIND(":", _xlpm.UserGuess)-1)), _xlpm.GuessAway, VALUE(MID(_xlpm.UserGuess, FIND(":", _xlpm.UserGuess)+1, LEN(_xlpm.UserGuess))), _xlpm.FinalDiff, _xlpm.FinalHome - _xlpm.FinalAway, _xlpm.GuessDiff, _xlpm.GuessHome - _xlpm.GuessAway, IF( OR($AS$6="", AS10=""), 0 +N("If final or guess is missing, 0 points"), IF( AND(_xlpm.FinalHome=_xlpm.GuessHome, _xlpm.FinalAway=_xlpm.GuessAway), 4 +N("Exact score guessed, 4 points"), IF( AND( SIGN(_xlpm.FinalDiff) = SIGN(_xlpm.GuessDiff), OR(_xlpm.FinalHome=_xlpm.GuessHome, _xlpm.FinalAway=_xlpm.GuessAway) ), 2 +N("Winner and one side score guessed, 2 points"), IF( SIGN(_xlpm.FinalDiff) = SIGN(_xlpm.GuessDiff), 1 +N("Only winner guessed, 1 point"), 0 +N("Wrong guess, 0 points") ) ) ) ) ) -> 0 | AV10: =_xlfn.LET( _xlpm.FinalScore, TRIM(SUBSTITUTE($AU$6," ","")), _xlpm.UserGuess, TRIM(SUBSTITUTE(AU10," ","")), _xlpm.FinalHome, VALUE(LEFT(_xlpm.FinalScore, FIND(":", _xlpm.FinalScore)-1)), _xlpm.FinalAway, VALUE(MID(_xlpm.FinalScore, FIND(":", _xlpm.FinalScore)+1, LEN(_xlpm.FinalScore))), _xlpm.GuessHome, VALUE(LEFT(_xlpm.UserGuess, FIND(":", _xlpm.UserGuess)-1)), _xlpm.GuessAway, VALUE(MID(_xlpm.UserGuess, FIND(":", _xlpm.UserGuess)+1, LEN(_xlpm.UserGuess))), _xlpm.FinalDiff, _xlpm.FinalHome - _xlpm.FinalAway, _xlpm.GuessDiff, _xlpm.GuessHome - _xlpm.GuessAway, IF( OR($AU$6="", AU10=""), 0 +N("If final or guess is missing, 0 points"), IF( AND(_xlpm.FinalHome=_xlpm.GuessHome, _xlpm.FinalAway=_xlpm.GuessAway), 4 +N("Exact score guessed, 4 points"), IF( AND( SIGN(_xlpm.FinalDiff) = SIGN(_xlpm.GuessDiff), OR(_xlpm.FinalHome=_xlpm.GuessHome, _xlpm.FinalAway=_xlpm.GuessAway) ), 2 +N("Winner and one side score guessed, 2 points"), IF( SIGN(_xlpm.FinalDiff) = SIGN(_xlpm.GuessDiff), 1 +N("Only winner guessed, 1 point"), 0 +N("Wrong guess, 0 points") ) ) ) ) ) -> 0 | AX10: =_xlfn.LET( _xlpm.FinalScore, TRIM(SUBSTITUTE($AW$6," ","")), _xlpm.UserGuess, TRIM(SUBSTITUTE(AW10," ","")), _xlpm.FinalHome, VALUE(LEFT(_xlpm.FinalScore, FIND(":", _xlpm.FinalScore)-1)), _xlpm.FinalAway, VALUE(MID(_xlpm.FinalScore, FIND(":", _xlpm.FinalScore)+1, LEN(_xlpm.FinalScore))), _xlpm.GuessHome, VALUE(LEFT(_xlpm.UserGuess, FIND(":", _xlpm.UserGuess)-1)), _xlpm.GuessAway, VALUE(MID(_xlpm.UserGuess, FIND(":", _xlpm.UserGuess)+1, LEN(_xlpm.UserGuess))), _xlpm.FinalDiff, _xlpm.FinalHome - _xlpm.FinalAway, _xlpm.GuessDiff, _xlpm.GuessHome - _xlpm.GuessAway, IF( OR($AW$6="", AW10=""), 0 +N("If final or guess is missing, 0 points"), IF( AND(_xlpm.FinalHome=_xlpm.GuessHome, _xlpm.FinalAway=_xlpm.GuessAway), 4 +N("Exact score guessed, 4 points"), IF( AND( SIGN(_xlpm.FinalDiff) = SIGN(_xlpm.GuessDiff), OR(_xlpm.FinalHome=_xlpm.GuessHome, _xlpm.FinalAway=_xlpm.GuessAway) ), 2 +N("Winner and one side score guessed, 2 points"), IF( SIGN(_xlpm.FinalDiff) = SIGN(_xlpm.GuessDiff), 1 +N("Only winner guessed, 1 point"), 0 +N("Wrong guess, 0 points") ) ) ) ) ) -> 0 | BA10: =_xlfn.LET( _xlpm.FinalScore, TRIM(SUBSTITUTE($AW$6," ","")), _xlpm.UserGuess, TRIM(SUBSTITUTE(AZ10," ","")), _xlpm.FinalHome, VALUE(LEFT(_xlpm.FinalScore, FIND(":", _xlpm.FinalScore)-1)), _xlpm.FinalAway, VALUE(MID(_xlpm.FinalScore, FIND(":", _xlpm.FinalScore)+1, LEN(_xlpm.FinalScore))), _xlpm.GuessHome, VALUE(LEFT(_xlpm.UserGuess, FIND(":", _xlpm.UserGuess)-1)), _xlpm.GuessAway, VALUE(MID(_xlpm.UserGuess, FIND(":", _xlpm.UserGuess)+1, LEN(_xlpm.UserGuess))), _xlpm.FinalDiff, _xlpm.FinalHome - _xlpm.FinalAway, _xlpm.GuessDiff, _xlpm.GuessHome - _xlpm.GuessAway, IF( OR($AW$6="", AZ10=""), 0 +N("If final or guess is missing, 0 points"), IF( AND(_xlpm.FinalHome=_xlpm.GuessHome, _xlpm.FinalAway=_xlpm.GuessAway), 5 +N("Exact score guessed, 5 points"), IF( AND( SIGN(_xlpm.FinalDiff) = SIGN(_xlpm.GuessDiff), OR(_xlpm.FinalHome=_xlpm.GuessHome, _xlpm.FinalAway=_xlpm.GuessAway) ), 3 +N("Winner and one side score guessed, 3 points"), IF( SIGN(_xlpm.FinalDiff) = SIGN(_xlpm.GuessDiff), 2 +N("Only winner guessed, 2 point"), 0 +N("Wrong guess, 0 points") ) ) ) ) ) -> 0 | BC10: =_xlfn.LET( _xlpm.FinalScore, TRIM(SUBSTITUTE($AW$6," ","")), _xlpm.UserGuess, TRIM(SUBSTITUTE(BB10," ","")), _xlpm.FinalHome, VALUE(LEFT(_xlpm.FinalScore, FIND(":", _xlpm.FinalScore)-1)), _xlpm.FinalAway, VALUE(MID(_xlpm.FinalScore, FIND(":", _xlpm.FinalScore)+1, LEN(_xlpm.FinalScore))), _xlpm.GuessHome, VALUE(LEFT(_xlpm.UserGuess, FIND(":", _xlpm.UserGuess)-1)), _xlpm.GuessAway, VALUE(MID(_xlpm.UserGuess, FIND(":", _xlpm.UserGuess)+1, LEN(_xlpm.UserGuess))), _xlpm.FinalDiff, _xlpm.FinalHome - _xlpm.FinalAway, _xlpm.GuessDiff, _xlpm.GuessHome - _xlpm.GuessAway, IF( OR($AW$6="", BB10=""), 0 +N("If final or guess is missing, 0 points"), IF( AND(_xlpm.FinalHome=_xlpm.GuessHome, _xlpm.FinalAway=_xlpm.GuessAway), 5 +N("Exact score guessed, 5 points"), IF( AND( SIGN(_xlpm.FinalDiff) = SIGN(_xlpm.GuessDiff), OR(_xlpm.FinalHome=_xlpm.GuessHome, _xlpm.FinalAway=_xlpm.GuessAway) ), 3 +N("Winner and one side score guessed, 3 points"), IF( SIGN(_xlpm.FinalDiff) = SIGN(_xlpm.GuessDiff), 2 +N("Only winner guessed, 2 point"), 0 +N("Wrong guess, 0 points") ) ) ) ) ) -> 0 | BE10: =_xlfn.LET( _xlpm.FinalScore, TRIM(SUBSTITUTE($AW$6," ","")), _xlpm.UserGuess, TRIM(SUBSTITUTE(BD10," ","")), _xlpm.FinalHome, VALUE(LEFT(_xlpm.FinalScore, FIND(":", _xlpm.FinalScore)-1)), _xlpm.FinalAway, VALUE(MID(_xlpm.FinalScore, FIND(":", _xlpm.FinalScore)+1, LEN(_xlpm.FinalScore))), _xlpm.GuessHome, VALUE(LEFT(_xlpm.UserGuess, FIND(":", _xlpm.UserGuess)-1)), _xlpm.GuessAway, VALUE(MID(_xlpm.UserGuess, FIND(":", _xlpm.UserGuess)+1, LEN(_xlpm.UserGuess))), _xlpm.FinalDiff, _xlpm.FinalHome - _xlpm.FinalAway, _xlpm.GuessDiff, _xlpm.GuessHome - _xlpm.GuessAway, IF( OR($AW$6="", BD10=""), 0 +N("If final or guess is missing, 0 points"), IF( AND(_xlpm.FinalHome=_xlpm.GuessHome, _xlpm.FinalAway=_xlpm.GuessAway), 5 +N("Exact score guessed, 5 points"), IF( AND( SIGN(_xlpm.FinalDiff) = SIGN(_xlpm.GuessDiff), OR(_xlpm.FinalHome=_xlpm.GuessHome, _xlpm.FinalAway=_xlpm.GuessAway) ), 3 +N("Winner and one side score guessed, 3 points"), IF( SIGN(_xlpm.FinalDiff) = SIGN(_xlpm.GuessDiff), 2 +N("Only winner guessed, 2 point"), 0 +N("Wrong guess, 0 points") ) ) ) ) ) -> 0 | BG10: =_xlfn.LET( _xlpm.FinalScore, TRIM(SUBSTITUTE($AW$6," ","")), _xlpm.UserGuess, TRIM(SUBSTITUTE(BF10," ","")), _xlpm.FinalHome, VALUE(LEFT(_xlpm.FinalScore, FIND(":", _xlpm.FinalScore)-1)), _xlpm.FinalAway, VALUE(MID(_xlpm.FinalScore, FIND(":", _xlpm.FinalScore)+1, LEN(_xlpm.FinalScore))), _xlpm.GuessHome, VALUE(LEFT(_xlpm.UserGuess, FIND(":", _xlpm.UserGuess)-1)), _xlpm.GuessAway, VALUE(MID(_xlpm.UserGuess, FIND(":", _xlpm.UserGuess)+1, LEN(_xlpm.UserGuess))), _xlpm.FinalDiff, _xlpm.FinalHome - _xlpm.FinalAway, _xlpm.GuessDiff, _xlpm.GuessHome - _xlpm.GuessAway, IF( OR($AW$6="", BF10=""), 0 +N("If final or guess is missing, 0 points"), IF( AND(_xlpm.FinalHome=_xlpm.GuessHome, _xlpm.FinalAway=_xlpm.GuessAway), 5 +N("Exact score guessed, 5 points"), IF( AND( SIGN(_xlpm.FinalDiff) = SIGN(_xlpm.GuessDiff), OR(_xlpm.FinalHome=_xlpm.GuessHome, _xlpm.FinalAway=_xlpm.GuessAway) ), 3 +N("Winner and one side score guessed, 3 points"), IF( SIGN(_xlpm.FinalDiff) = SIGN(_xlpm.GuessDiff), 2 +N("Only winner guessed, 2 point"), 0 +N("Wrong guess, 0 points") ) ) ) ) ) -> 0 | BJ10: =_xlfn.LET( _xlpm.FinalScore, TRIM(SUBSTITUTE($AW$6," ","")), _xlpm.UserGuess, TRIM(SUBSTITUTE(BI10," ","")), _xlpm.FinalHome, VALUE(LEFT(_xlpm.FinalScore, FIND(":", _xlpm.FinalScore)-1)), _xlpm.FinalAway, VALUE(MID(_xlpm.FinalScore, FIND(":", _xlpm.FinalScore)+1, LEN(_xlpm.FinalScore))), _xlpm.GuessHome, VALUE(LEFT(_xlpm.UserGuess, FIND(":", _xlpm.UserGuess)-1)), _xlpm.GuessAway, VALUE(MID(_xlpm.UserGuess, FIND(":", _xlpm.UserGuess)+1, LEN(_xlpm.UserGuess))), _xlpm.FinalDiff, _xlpm.FinalHome - _xlpm.FinalAway, _xlpm.GuessDiff, _xlpm.GuessHome - _xlpm.GuessAway, IF( OR($AW$6="", BI10=""), 0 +N("If final or guess is missing, 0 points"), IF( AND(_xlpm.FinalHome=_xlpm.GuessHome, _xlpm.FinalAway=_xlpm.GuessAway), 5 +N("Exact score guessed, 5 points"), IF( AND( SIGN(_xlpm.FinalDiff) = SIGN(_xlpm.GuessDiff), OR(_xlpm.FinalHome=_xlpm.GuessHome, _xlpm.FinalAway=_xlpm.GuessAway) ), 3 +N("Winner and one side score guessed, 3 points"), IF( SIGN(_xlpm.FinalDiff) = SIGN(_xlpm.GuessDiff), 2 +N("Only winner guessed, 2 point"), 0 +N("Wrong guess, 0 points") ) ) ) ) ) -> 0 | BL10: =_xlfn.LET( _xlpm.FinalScore, TRIM(SUBSTITUTE($AW$6," ","")), _xlpm.UserGuess, TRIM(SUBSTITUTE(BK10," ","")), _xlpm.FinalHome, VALUE(LEFT(_xlpm.FinalScore, FIND(":", _xlpm.FinalScore)-1)), _xlpm.FinalAway, VALUE(MID(_xlpm.FinalScore, FIND(":", _xlpm.FinalScore)+1, LEN(_xlpm.FinalScore))), _xlpm.GuessHome, VALUE(LEFT(_xlpm.UserGuess, FIND(":", _xlpm.UserGuess)-1)), _xlpm.GuessAway, VALUE(MID(_xlpm.UserGuess, FIND(":", _xlpm.UserGuess)+1, LEN(_xlpm.UserGuess))), _xlpm.FinalDiff, _xlpm.FinalHome - _xlpm.FinalAway, _xlpm.GuessDiff, _xlpm.GuessHome - _xlpm.GuessAway, IF( OR($AW$6="", BK10=""), 0 +N("If final or guess is missing, 0 points"), IF( AND(_xlpm.FinalHome=_xlpm.GuessHome, _xlpm.FinalAway=_xlpm.GuessAway), 5 +N("Exact score guessed, 5 points"), IF( AND( SIGN(_xlpm.FinalDiff) = SIGN(_xlpm.GuessDiff), OR(_xlpm.FinalHome=_xlpm.GuessHome, _xlpm.FinalAway=_xlpm.GuessAway) ), 3 +N("Winner and one side score guessed, 3 points"), IF( SIGN(_xlpm.FinalDiff) = SIGN(_xlpm.GuessDiff), 2 +N("Only winner guessed, 2 point"), 0 +N("Wrong guess, 0 points") ) ) ) ) ) -> 0 | BN10: =_xlfn.LET( _xlpm.FinalScore, TRIM(SUBSTITUTE($AW$6," ","")), _xlpm.UserGuess, TRIM(SUBSTITUTE(BM10," ","")), _xlpm.FinalHome, VALUE(LEFT(_xlpm.FinalScore, FIND(":", _xlpm.FinalScore)-1)), _xlpm.FinalAway, VALUE(MID(_xlpm.FinalScore, FIND(":", _xlpm.FinalScore)+1, LEN(_xlpm.FinalScore))), _xlpm.GuessHome, VALUE(LEFT(_xlpm.UserGuess, FIND(":", _xlpm.UserGuess)-1)), _xlpm.GuessAway, VALUE(MID(_xlpm.UserGuess, FIND(":", _xlpm.UserGuess)+1, LEN(_xlpm.UserGuess))), _xlpm.FinalDiff, _xlpm.FinalHome - _xlpm.FinalAway, _xlpm.GuessDiff, _xlpm.GuessHome - _xlpm.GuessAway, IF( OR($AW$6="", BM10=""), 0 +N("If final or guess is missing, 0 points"), IF( AND(_xlpm.FinalHome=_xlpm.GuessHome, _xlpm.FinalAway=_xlpm.GuessAway), 5 +N("Exact score guessed, 5 points"), IF( AND( SIGN(_xlpm.FinalDiff) = SIGN(_xlpm.GuessDiff), OR(_xlpm.FinalHome=_xlpm.GuessHome, _xlpm.FinalAway=_xlpm.GuessAway) ), 3 +N("Winner and one side score guessed, 3 points"), IF( SIGN(_xlpm.FinalDiff) = SIGN(_xlpm.GuessDiff), 2 +N("Only winner guessed, 2 point"), 0 +N("Wrong guess, 0 points") ) ) ) ) ) -> 0 | BP10: =_xlfn.LET( _xlpm.FinalScore, TRIM(SUBSTITUTE($AW$6," ","")), _xlpm.UserGuess, TRIM(SUBSTITUTE(BO10," ","")), _xlpm.FinalHome, VALUE(LEFT(_xlpm.FinalScore, FIND(":", _xlpm.FinalScore)-1)), _xlpm.FinalAway, VALUE(MID(_xlpm.FinalScore, FIND(":", _xlpm.FinalScore)+1, LEN(_xlpm.FinalScore))), _xlpm.GuessHome, VALUE(LEFT(_xlpm.UserGuess, FIND(":", _xlpm.UserGuess)-1)), _xlpm.GuessAway, VALUE(MID(_xlpm.UserGuess, FIND(":", _xlpm.UserGuess)+1, LEN(_xlpm.UserGuess))), _xlpm.FinalDiff, _xlpm.FinalHome - _xlpm.FinalAway, _xlpm.GuessDiff, _xlpm.GuessHome - _xlpm.GuessAway, IF( OR($AW$6="", BO10=""), 0 +N("If final or guess is missing, 0 points"), IF( AND(_xlpm.FinalHome=_xlpm.GuessHome, _xlpm.FinalAway=_xlpm.GuessAway), 5 +N("Exact score guessed, 5 points"), IF( AND( SIGN(_xlpm.FinalDiff) = SIGN(_xlpm.GuessDiff), OR(_xlpm.FinalHome=_xlpm.GuessHome, _xlpm.FinalAway=_xlpm.GuessAway) ), 3 +N("Winner and one side score guessed, 3 points"), IF( SIGN(_xlpm.FinalDiff) = SIGN(_xlpm.GuessDiff), 2 +N("Only winner guessed, 2 point"), 0 +N("Wrong guess, 0 points") ) ) ) ) ) -> 0 | BS10: =_xlfn.LET( _xlpm.FinalScore, TRIM(SUBSTITUTE($AW$6," ","")), _xlpm.UserGuess, TRIM(SUBSTITUTE(BR10," ","")), _xlpm.FinalHome, VALUE(LEFT(_xlpm.FinalScore, FIND(":", _xlpm.FinalScore)-1)), _xlpm.FinalAway, VALUE(MID(_xlpm.FinalScore, FIND(":", _xlpm.FinalScore)+1, LEN(_xlpm.FinalScore))), _xlpm.GuessHome, VALUE(LEFT(_xlpm.UserGuess, FIND(":", _xlpm.UserGuess)-1)), _xlpm.GuessAway, VALUE(MID(_xlpm.UserGuess, FIND(":", _xlpm.UserGuess)+1, LEN(_xlpm.UserGuess))), _xlpm.FinalDiff, _xlpm.FinalHome - _xlpm.FinalAway, _xlpm.GuessDiff, _xlpm.GuessHome - _xlpm.GuessAway, IF( OR($AW$6="", BR10=""), 0 +N("If final or guess is missing, 0 points"), IF( AND(_xlpm.FinalHome=_xlpm.GuessHome, _xlpm.FinalAway=_xlpm.GuessAway), 5 +N("Exact score guessed, 5 points"), IF( AND( SIGN(_xlpm.FinalDiff) = SIGN(_xlpm.GuessDiff), OR(_xlpm.FinalHome=_xlpm.GuessHome, _xlpm.FinalAway=_xlpm.GuessAway) ), 3 +N("Winner and one side score guessed, 3 points"), IF( SIGN(_xlpm.FinalDiff) = SIGN(_xlpm.GuessDiff), 2 +N("Only winner guessed, 2 point"), 0 +N("Wrong guess, 0 points") ) ) ) ) ) -> 0 | BU10: =_xlfn.LET( _xlpm.FinalScore, TRIM(SUBSTITUTE($AW$6," ","")), _xlpm.UserGuess, TRIM(SUBSTITUTE(BT10," ","")), _xlpm.FinalHome, VALUE(LEFT(_xlpm.FinalScore, FIND(":", _xlpm.FinalScore)-1)), _xlpm.FinalAway, VALUE(MID(_xlpm.FinalScore, FIND(":", _xlpm.FinalScore)+1, LEN(_xlpm.FinalScore))), _xlpm.GuessHome, VALUE(LEFT(_xlpm.UserGuess, FIND(":", _xlpm.UserGuess)-1)), _xlpm.GuessAway, VALUE(MID(_xlpm.UserGuess, FIND(":", _xlpm.UserGuess)+1, LEN(_xlpm.UserGuess))), _xlpm.FinalDiff, _xlpm.FinalHome - _xlpm.FinalAway, _xlpm.GuessDiff, _xlpm.GuessHome - _xlpm.GuessAway, IF( OR($AW$6="", BT10=""), 0 +N("If final or guess is missing, 0 points"), IF( AND(_xlpm.FinalHome=_xlpm.GuessHome, _xlpm.FinalAway=_xlpm.GuessAway), 5 +N("Exact score guessed, 5 points"), IF( AND( SIGN(_xlpm.FinalDiff) = SIGN(_xlpm.GuessDiff), OR(_xlpm.FinalHome=_xlpm.GuessHome, _xlpm.FinalAway=_xlpm.GuessAway) ), 3 +N("Winner and one side score guessed, 3 points"), IF( SIGN(_xlpm.FinalDiff) = SIGN(_xlpm.GuessDiff), 2 +N("Only winner guessed, 2 point"), 0 +N("Wrong guess, 0 points") ) ) ) ) ) -> 0 | BX10: =_xlfn.LET( _xlpm.FinalScore, TRIM(SUBSTITUTE($AW$6," ","")), _xlpm.UserGuess, TRIM(SUBSTITUTE(BW10," ","")), _xlpm.FinalHome, VALUE(LEFT(_xlpm.FinalScore, FIND(":", _xlpm.FinalScore)-1)), _xlpm.FinalAway, VALUE(MID(_xlpm.FinalScore, FIND(":", _xlpm.FinalScore)+1, LEN(_xlpm.FinalScore))), _xlpm.GuessHome, VALUE(LEFT(_xlpm.UserGuess, FIND(":", _xlpm.UserGuess)-1)), _xlpm.GuessAway, VALUE(MID(_xlpm.UserGuess, FIND(":", _xlpm.UserGuess)+1, LEN(_xlpm.UserGuess))), _xlpm.FinalDiff, _xlpm.FinalHome - _xlpm.FinalAway, _xlpm.GuessDiff, _xlpm.GuessHome - _xlpm.GuessAway, IF( OR($AW$6="", BW10=""), 0 +N("If final or guess is missing, 0 points"), IF( AND(_xlpm.FinalHome=_xlpm.GuessHome, _xlpm.FinalAway=_xlpm.GuessAway), 5 +N("Exact score guessed, 5 points"), IF( AND( SIGN(_xlpm.FinalDiff) = SIGN(_xlpm.GuessDiff), OR(_xlpm.FinalHome=_xlpm.GuessHome, _xlpm.FinalAway=_xlpm.GuessAway) ), 3 +N("Winner and one side score guessed, 3 points"), IF( SIGN(_xlpm.FinalDiff) = SIGN(_xlpm.GuessDiff), 2 +N("Only winner guessed, 2 point"), 0 +N("Wrong guess, 0 points") ) ) ) ) ) -> 0 | CA10: =_xlfn.LET( _xlpm.FinalScore, TRIM(SUBSTITUTE($AW$6," ","")), _xlpm.UserGuess, TRIM(SUBSTITUTE(BZ10," ","")), _xlpm.FinalHome, VALUE(LEFT(_xlpm.FinalScore, FIND(":", _xlpm.FinalScore)-1)), _xlpm.FinalAway, VALUE(MID(_xlpm.FinalScore, FIND(":", _xlpm.FinalScore)+1, LEN(_xlpm.FinalScore))), _xlpm.GuessHome, VALUE(LEFT(_xlpm.UserGuess, FIND(":", _xlpm.UserGuess)-1)), _xlpm.GuessAway, VALUE(MID(_xlpm.UserGuess, FIND(":", _xlpm.UserGuess)+1, LEN(_xlpm.UserGuess))), _xlpm.FinalDiff, _xlpm.FinalHome - _xlpm.FinalAway, _xlpm.GuessDiff, _xlpm.GuessHome - _xlpm.GuessAway, IF( OR($AW$6="", BZ10=""), 0 +N("If final or guess is missing, 0 points"), IF( AND(_xlpm.FinalHome=_xlpm.GuessHome, _xlpm.FinalAway=_xlpm.GuessAway), 5 +N("Exact score guessed, 5 points"), IF( AND( SIGN(_xlpm.FinalDiff) = SIGN(_xlpm.GuessDiff), OR(_xlpm.FinalHome=_xlpm.GuessHome, _xlpm.FinalAway=_xlpm.GuessAway) ), 3 +N("Winner and one side score guessed, 3 points"), IF( SIGN(_xlpm.FinalDiff) = SIGN(_xlpm.GuessDiff), 2 +N("Only winner guessed, 2 point"), 0 +N("Wrong guess, 0 points") ) ) ) ) ) -> 0
A11: 5 | B11: Tomas Uhrin | C11: TomasUhrin1@sk.ibm.com | D11: Slovakia | E11: =IF(K11<>"",1,0)+IF(M11<>"",1,0)+IF(P11<>"",1,0)+IF(R11<>"",1,0)+IF(T11<>"",1,0)+IF(V11<>"",1,0)+IF(Y11<>"",1,0)+IF(AA11<>"",1,0)+IF(AC11<>"",1,0)+IF(AE11<>"",1,0)+IF(AH11<>"",1,0)+IF(AJ11<>"",1,0)+IF(AL11<>"",1,0)+IF(AN11<>"",1,0)+IF(AQ11<>"",1,0)+IF(AS11<>"",1,0)+IF(AU11<>"",1,0)+IF(AW11<>"",1,0)+IF(AZ11<>"",1,0)+IF(BB11<>"",1,0)+IF(BD11<>"",1,0)+IF(BF11<>"",1,0)+IF(BI11<>"",1,0)+IF(BK11<>"",1,0)+IF(BM11<>"",1,0)+IF(BO11<>"",1,0) +IF(BR11<>"",1,0) +IF(BT11<>"",1,0) +IF(BW11<>"",1,0) +IF(BZ11<>"",1,0) -> 3 | F11: =IF(L11=4,1,0)+IF(N11=4,1,0)+IF(Q11=4,1,0)+IF(S11=4,1,0)+IF(U11=4,1,0)+IF(W11=4,1,0)+IF(Z11=4,1,0)+IF(AB11=4,1,0)+IF(AD11=4,1,0)+IF(AF11=4,1,0)+IF(AI11=4,1,0)+IF(AK11=4,1,0)+IF(AM11=4,1,0)+IF(AO11=4,1,0)+IF(AR11=4,1,0)+IF(AT11=4,1,0)+IF(AV11=4,1,0)+IF(AX11=4,1,0)+IF(BA11=5,1,0)+IF(BC11=5,1,0)+IF(BE11=5,1,0)+IF(BG11=5,1,0)+IF(BJ11=5,1,0)+IF(BL11=5,1,0)+IF(BN11=5,1,0)+IF(BP11=5,1,0) +IF(BS11=5,1,0) +IF(BU11=5,1,0) +IF(BX11=5,1,0) +IF(CA11=5,1,0) -> 0 | G11: =L11+N11+Q11+S11+U11+W11+Z11+AB11+AD11+AF11+AI11+AK11+AM11+AO11+AR11+AT11+AV11+AX11 -> 0 | H11: =BA11+BC11+BE11+BG11+BJ11+BL11+BN11+BP11 +BS11 +BU11 +BX11 +CA11 -> 0 | I11: =G11+H11 -> 0 | K11: 2:2 | L11: =_xlfn.LET( _xlpm.FinalScore, TRIM(SUBSTITUTE($K$6," ","")), _xlpm.UserGuess, TRIM(SUBSTITUTE(K11," ","")), _xlpm.FinalHome, VALUE(LEFT(_xlpm.FinalScore, FIND(":", _xlpm.FinalScore)-1)), _xlpm.FinalAway, VALUE(MID(_xlpm.FinalScore, FIND(":", _xlpm.FinalScore)+1, LEN(_xlpm.FinalScore))), _xlpm.GuessHome, VALUE(LEFT(_xlpm.UserGuess, FIND(":", _xlpm.UserGuess)-1)), _xlpm.GuessAway, VALUE(MID(_xlpm.UserGuess, FIND(":", _xlpm.UserGuess)+1, LEN(_xlpm.UserGuess))), _xlpm.FinalDiff, _xlpm.FinalHome - _xlpm.FinalAway, _xlpm.GuessDiff, _xlpm.GuessHome - _xlpm.GuessAway, IF( OR($K$6="", K11=""), 0 +N("If final or guess is missing, 0 points"), IF( AND(_xlpm.FinalHome=_xlpm.GuessHome, _xlpm.FinalAway=_xlpm.GuessAway), 4 +N("Exact score guessed, 4 points"), IF( AND( SIGN(_xlpm.FinalDiff) = SIGN(_xlpm.GuessDiff), OR(_xlpm.FinalHome=_xlpm.GuessHome, _xlpm.FinalAway=_xlpm.GuessAway) ), 2 +N("Winner and one side score guessed, 2 points"), IF( SIGN(_xlpm.FinalDiff) = SIGN(_xlpm.GuessDiff), 1 +N("Only winner guessed, 1 point"), 0 +N("Wrong guess, 0 points") ) ) ) ) ) -> 0 | M11: 4:1 | N11: =_xlfn.LET( _xlpm.FinalScore, TRIM(SUBSTITUTE($M$6," ","")), _xlpm.UserGuess, TRIM(SUBSTITUTE(M11," ","")), _xlpm.FinalHome, VALUE(LEFT(_xlpm.FinalScore, FIND(":", _xlpm.FinalScore)-1)), _xlpm.FinalAway, VALUE(MID(_xlpm.FinalScore, FIND(":", _xlpm.FinalScore)+1, LEN(_xlpm.FinalScore))), _xlpm.GuessHome, VALUE(LEFT(_xlpm.UserGuess, FIND(":", _xlpm.UserGuess)-1)), _xlpm.GuessAway, VALUE(MID(_xlpm.UserGuess, FIND(":", _xlpm.UserGuess)+1, LEN(_xlpm.UserGuess))), _xlpm.FinalDiff, _xlpm.FinalHome - _xlpm.FinalAway, _xlpm.GuessDiff, _xlpm.GuessHome - _xlpm.GuessAway, IF( OR($M$6="", M11=""), 0 +N("If final or guess is missing, 0 points"), IF( AND(_xlpm.FinalHome=_xlpm.GuessHome, _xlpm.FinalAway=_xlpm.GuessAway), 4 +N("Exact score guessed, 4 points"), IF( AND( SIGN(_xlpm.FinalDiff) = SIGN(_xlpm.GuessDiff), OR(_xlpm.FinalHome=_xlpm.GuessHome, _xlpm.FinalAway=_xlpm.GuessAway) ), 2 +N("Winner and one side score guessed, 2 points"), IF( SIGN(_xlpm.FinalDiff) = SIGN(_xlpm.GuessDiff), 1 +N("Only winner guessed, 1 point"), 0 +N("Wrong guess, 0 points") ) ) ) ) ) -> 0 | P11: 3:1 | Q11: =_xlfn.LET( _xlpm.FinalScore, TRIM(SUBSTITUTE($P$6," ","")), _xlpm.UserGuess, TRIM(SUBSTITUTE(P11," ","")), _xlpm.FinalHome, VALUE(LEFT(_xlpm.FinalScore, FIND(":", _xlpm.FinalScore)-1)), _xlpm.FinalAway, VALUE(MID(_xlpm.FinalScore, FIND(":", _xlpm.FinalScore)+1, LEN(_xlpm.FinalScore))), _xlpm.GuessHome, VALUE(LEFT(_xlpm.UserGuess, FIND(":", _xlpm.UserGuess)-1)), _xlpm.GuessAway, VALUE(MID(_xlpm.UserGuess, FIND(":", _xlpm.UserGuess)+1, LEN(_xlpm.UserGuess))), _xlpm.FinalDiff, _xlpm.FinalHome - _xlpm.FinalAway, _xlpm.GuessDiff, _xlpm.GuessHome - _xlpm.GuessAway, IF( OR($P$6="", P11=""), 0 +N("If final or guess is missing, 0 points"), IF( AND(_xlpm.FinalHome=_xlpm.GuessHome, _xlpm.FinalAway=_xlpm.GuessAway), 4 +N("Exact score guessed, 4 points"), IF( AND( SIGN(_xlpm.FinalDiff) = SIGN(_xlpm.GuessDiff), OR(_xlpm.FinalHome=_xlpm.GuessHome, _xlpm.FinalAway=_xlpm.GuessAway) ), 2 +N("Winner and one side score guessed, 2 points"), IF( SIGN(_xlpm.FinalDiff) = SIGN(_xlpm.GuessDiff), 1 +N("Only winner guessed, 1 point"), 0 +N("Wrong guess, 0 points") ) ) ) ) ) -> 0 | S11: =_xlfn.LET( _xlpm.FinalScore, TRIM(SUBSTITUTE($R$6," ","")), _xlpm.UserGuess, TRIM(SUBSTITUTE(R11," ","")), _xlpm.FinalHome, VALUE(LEFT(_xlpm.FinalScore, FIND(":", _xlpm.FinalScore)-1)), _xlpm.FinalAway, VALUE(MID(_xlpm.FinalScore, FIND(":", _xlpm.FinalScore)+1, LEN(_xlpm.FinalScore))), _xlpm.GuessHome, VALUE(LEFT(_xlpm.UserGuess, FIND(":", _xlpm.UserGuess)-1)), _xlpm.GuessAway, VALUE(MID(_xlpm.UserGuess, FIND(":", _xlpm.UserGuess)+1, LEN(_xlpm.UserGuess))), _xlpm.FinalDiff, _xlpm.FinalHome - _xlpm.FinalAway, _xlpm.GuessDiff, _xlpm.GuessHome - _xlpm.GuessAway, IF( OR($R$6="", R11=""), 0 +N("If final or guess is missing, 0 points"), IF( AND(_xlpm.FinalHome=_xlpm.GuessHome, _xlpm.FinalAway=_xlpm.GuessAway), 4 +N("Exact score guessed, 4 points"), IF( AND( SIGN(_xlpm.FinalDiff) = SIGN(_xlpm.GuessDiff), OR(_xlpm.FinalHome=_xlpm.GuessHome, _xlpm.FinalAway=_xlpm.GuessAway) ), 2 +N("Winner and one side score guessed, 2 points"), IF( SIGN(_xlpm.FinalDiff) = SIGN(_xlpm.GuessDiff), 1 +N("Only winner guessed, 1 point"), 0 +N("Wrong guess, 0 points") ) ) ) ) ) -> 0 | U11: =_xlfn.LET( _xlpm.FinalScore, TRIM(SUBSTITUTE($T$6," ","")), _xlpm.UserGuess, TRIM(SUBSTITUTE(T11," ","")), _xlpm.FinalHome, VALUE(LEFT(_xlpm.FinalScore, FIND(":", _xlpm.FinalScore)-1)), _xlpm.FinalAway, VALUE(MID(_xlpm.FinalScore, FIND(":", _xlpm.FinalScore)+1, LEN(_xlpm.FinalScore))), _xlpm.GuessHome, VALUE(LEFT(_xlpm.UserGuess, FIND(":", _xlpm.UserGuess)-1)), _xlpm.GuessAway, VALUE(MID(_xlpm.UserGuess, FIND(":", _xlpm.UserGuess)+1, LEN(_xlpm.UserGuess))), _xlpm.FinalDiff, _xlpm.FinalHome - _xlpm.FinalAway, _xlpm.GuessDiff, _xlpm.GuessHome - _xlpm.GuessAway, IF( OR($T$6="", T11=""), 0 +N("If final or guess is missing, 0 points"), IF( AND(_xlpm.FinalHome=_xlpm.GuessHome, _xlpm.FinalAway=_xlpm.GuessAway), 4 +N("Exact score guessed, 4 points"), IF( AND( SIGN(_xlpm.FinalDiff) = SIGN(_xlpm.GuessDiff), OR(_xlpm.FinalHome=_xlpm.GuessHome, _xlpm.FinalAway=_xlpm.GuessAway) ), 2 +N("Winner and one side score guessed, 2 points"), IF( SIGN(_xlpm.FinalDiff) = SIGN(_xlpm.GuessDiff), 1 +N("Only winner guessed, 1 point"), 0 +N("Wrong guess, 0 points") ) ) ) ) ) -> 0 | W11: =_xlfn.LET( _xlpm.FinalScore, TRIM(SUBSTITUTE($V$6," ","")), _xlpm.UserGuess, TRIM(SUBSTITUTE(V11," ","")), _xlpm.FinalHome, VALUE(LEFT(_xlpm.FinalScore, FIND(":", _xlpm.FinalScore)-1)), _xlpm.FinalAway, VALUE(MID(_xlpm.FinalScore, FIND(":", _xlpm.FinalScore)+1, LEN(_xlpm.FinalScore))), _xlpm.GuessHome, VALUE(LEFT(_xlpm.UserGuess, FIND(":", _xlpm.UserGuess)-1)), _xlpm.GuessAway, VALUE(MID(_xlpm.UserGuess, FIND(":", _xlpm.UserGuess)+1, LEN(_xlpm.UserGuess))), _xlpm.FinalDiff, _xlpm.FinalHome - _xlpm.FinalAway, _xlpm.GuessDiff, _xlpm.GuessHome - _xlpm.GuessAway, IF( OR($V$6="", V11=""), 0 +N("If final or guess is missing, 0 points"), IF( AND(_xlpm.FinalHome=_xlpm.GuessHome, _xlpm.FinalAway=_xlpm.GuessAway), 4 +N("Exact score guessed, 4 points"), IF( AND( SIGN(_xlpm.FinalDiff) = SIGN(_xlpm.GuessDiff), OR(_xlpm.FinalHome=_xlpm.GuessHome, _xlpm.FinalAway=_xlpm.GuessAway) ), 2 +N("Winner and one side score guessed, 2 points"), IF( SIGN(_xlpm.FinalDiff) = SIGN(_xlpm.GuessDiff), 1 +N("Only winner guessed, 1 point"), 0 +N("Wrong guess, 0 points") ) ) ) ) ) -> 0 | Z11: =_xlfn.LET( _xlpm.FinalScore, TRIM(SUBSTITUTE($Y$6," ","")), _xlpm.UserGuess, TRIM(SUBSTITUTE(Y11," ","")), _xlpm.FinalHome, VALUE(LEFT(_xlpm.FinalScore, FIND(":", _xlpm.FinalScore)-1)), _xlpm.FinalAway, VALUE(MID(_xlpm.FinalScore, FIND(":", _xlpm.FinalScore)+1, LEN(_xlpm.FinalScore))), _xlpm.GuessHome, VALUE(LEFT(_xlpm.UserGuess, FIND(":", _xlpm.UserGuess)-1)), _xlpm.GuessAway, VALUE(MID(_xlpm.UserGuess, FIND(":", _xlpm.UserGuess)+1, LEN(_xlpm.UserGuess))), _xlpm.FinalDiff, _xlpm.FinalHome - _xlpm.FinalAway, _xlpm.GuessDiff, _xlpm.GuessHome - _xlpm.GuessAway, IF( OR($Y$6="", Y11=""), 0 +N("If final or guess is missing, 0 points"), IF( AND(_xlpm.FinalHome=_xlpm.GuessHome, _xlpm.FinalAway=_xlpm.GuessAway), 4 +N("Exact score guessed, 4 points"), IF( AND( SIGN(_xlpm.FinalDiff) = SIGN(_xlpm.GuessDiff), OR(_xlpm.FinalHome=_xlpm.GuessHome, _xlpm.FinalAway=_xlpm.GuessAway) ), 2 +N("Winner and one side score guessed, 2 points"), IF( SIGN(_xlpm.FinalDiff) = SIGN(_xlpm.GuessDiff), 1 +N("Only winner guessed, 1 point"), 0 +N("Wrong guess, 0 points") ) ) ) ) ) -> 0 | AB11: =_xlfn.LET( _xlpm.FinalScore, TRIM(SUBSTITUTE($AA$6," ","")), _xlpm.UserGuess, TRIM(SUBSTITUTE(AA11," ","")), _xlpm.FinalHome, VALUE(LEFT(_xlpm.FinalScore, FIND(":", _xlpm.FinalScore)-1)), _xlpm.FinalAway, VALUE(MID(_xlpm.FinalScore, FIND(":", _xlpm.FinalScore)+1, LEN(_xlpm.FinalScore))), _xlpm.GuessHome, VALUE(LEFT(_xlpm.UserGuess, FIND(":", _xlpm.UserGuess)-1)), _xlpm.GuessAway, VALUE(MID(_xlpm.UserGuess, FIND(":", _xlpm.UserGuess)+1, LEN(_xlpm.UserGuess))), _xlpm.FinalDiff, _xlpm.FinalHome - _xlpm.FinalAway, _xlpm.GuessDiff, _xlpm.GuessHome - _xlpm.GuessAway, IF( OR($AA$6="", AA11=""), 0 +N("If final or guess is missing, 0 points"), IF( AND(_xlpm.FinalHome=_xlpm.GuessHome, _xlpm.FinalAway=_xlpm.GuessAway), 4 +N("Exact score guessed, 4 points"), IF( AND( SIGN(_xlpm.FinalDiff) = SIGN(_xlpm.GuessDiff), OR(_xlpm.FinalHome=_xlpm.GuessHome, _xlpm.FinalAway=_xlpm.GuessAway) ), 2 +N("Winner and one side score guessed, 2 points"), IF( SIGN(_xlpm.FinalDiff) = SIGN(_xlpm.GuessDiff), 1 +N("Only winner guessed, 1 point"), 0 +N("Wrong guess, 0 points") ) ) ) ) ) -> 0 | AD11: =_xlfn.LET( _xlpm.FinalScore, TRIM(SUBSTITUTE($AC$6," ","")), _xlpm.UserGuess, TRIM(SUBSTITUTE(AC11," ","")), _xlpm.FinalHome, VALUE(LEFT(_xlpm.FinalScore, FIND(":", _xlpm.FinalScore)-1)), _xlpm.FinalAway, VALUE(MID(_xlpm.FinalScore, FIND(":", _xlpm.FinalScore)+1, LEN(_xlpm.FinalScore))), _xlpm.GuessHome, VALUE(LEFT(_xlpm.UserGuess, FIND(":", _xlpm.UserGuess)-1)), _xlpm.GuessAway, VALUE(MID(_xlpm.UserGuess, FIND(":", _xlpm.UserGuess)+1, LEN(_xlpm.UserGuess))), _xlpm.FinalDiff, _xlpm.FinalHome - _xlpm.FinalAway, _xlpm.GuessDiff, _xlpm.GuessHome - _xlpm.GuessAway, IF( OR($AC$6="", AC11=""), 0 +N("If final or guess is missing, 0 points"), IF( AND(_xlpm.FinalHome=_xlpm.GuessHome, _xlpm.FinalAway=_xlpm.GuessAway), 4 +N("Exact score guessed, 4 points"), IF( AND( SIGN(_xlpm.FinalDiff) = SIGN(_xlpm.GuessDiff), OR(_xlpm.FinalHome=_xlpm.GuessHome, _xlpm.FinalAway=_xlpm.GuessAway) ), 2 +N("Winner and one side score guessed, 2 points"), IF( SIGN(_xlpm.FinalDiff) = SIGN(_xlpm.GuessDiff), 1 +N("Only winner guessed, 1 point"), 0 +N("Wrong guess, 0 points") ) ) ) ) ) -> 0 | AF11: =_xlfn.LET( _xlpm.FinalScore, TRIM(SUBSTITUTE($AE$6," ","")), _xlpm.UserGuess, TRIM(SUBSTITUTE(AE11," ","")), _xlpm.FinalHome, VALUE(LEFT(_xlpm.FinalScore, FIND(":", _xlpm.FinalScore)-1)), _xlpm.FinalAway, VALUE(MID(_xlpm.FinalScore, FIND(":", _xlpm.FinalScore)+1, LEN(_xlpm.FinalScore))), _xlpm.GuessHome, VALUE(LEFT(_xlpm.UserGuess, FIND(":", _xlpm.UserGuess)-1)), _xlpm.GuessAway, VALUE(MID(_xlpm.UserGuess, FIND(":", _xlpm.UserGuess)+1, LEN(_xlpm.UserGuess))), _xlpm.FinalDiff, _xlpm.FinalHome - _xlpm.FinalAway, _xlpm.GuessDiff, _xlpm.GuessHome - _xlpm.GuessAway, IF( OR($AE$6="", AE11=""), 0 +N("If final or guess is missing, 0 points"), IF( AND(_xlpm.FinalHome=_xlpm.GuessHome, _xlpm.FinalAway=_xlpm.GuessAway), 4 +N("Exact score guessed, 4 points"), IF( AND( SIGN(_xlpm.FinalDiff) = SIGN(_xlpm.GuessDiff), OR(_xlpm.FinalHome=_xlpm.GuessHome, _xlpm.FinalAway=_xlpm.GuessAway) ), 2 +N("Winner and one side score guessed, 2 points"), IF( SIGN(_xlpm.FinalDiff) = SIGN(_xlpm.GuessDiff), 1 +N("Only winner guessed, 1 point"), 0 +N("Wrong guess, 0 points") ) ) ) ) ) -> 0 | AI11: =_xlfn.LET( _xlpm.FinalScore, TRIM(SUBSTITUTE($AH$6," ","")), _xlpm.UserGuess, TRIM(SUBSTITUTE(AH11," ","")), _xlpm.FinalHome, VALUE(LEFT(_xlpm.FinalScore, FIND(":", _xlpm.FinalScore)-1)), _xlpm.FinalAway, VALUE(MID(_xlpm.FinalScore, FIND(":", _xlpm.FinalScore)+1, LEN(_xlpm.FinalScore))), _xlpm.GuessHome, VALUE(LEFT(_xlpm.UserGuess, FIND(":", _xlpm.UserGuess)-1)), _xlpm.GuessAway, VALUE(MID(_xlpm.UserGuess, FIND(":", _xlpm.UserGuess)+1, LEN(_xlpm.UserGuess))), _xlpm.FinalDiff, _xlpm.FinalHome - _xlpm.FinalAway, _xlpm.GuessDiff, _xlpm.GuessHome - _xlpm.GuessAway, IF( OR($AH$6="", AH11=""), 0 +N("If final or guess is missing, 0 points"), IF( AND(_xlpm.FinalHome=_xlpm.GuessHome, _xlpm.FinalAway=_xlpm.GuessAway), 4 +N("Exact score guessed, 4 points"), IF( AND( SIGN(_xlpm.FinalDiff) = SIGN(_xlpm.GuessDiff), OR(_xlpm.FinalHome=_xlpm.GuessHome, _xlpm.FinalAway=_xlpm.GuessAway) ), 2 +N("Winner and one side score guessed, 2 points"), IF( SIGN(_xlpm.FinalDiff) = SIGN(_xlpm.GuessDiff), 1 +N("Only winner guessed, 1 point"), 0 +N("Wrong guess, 0 points") ) ) ) ) ) -> 0 | AK11: =_xlfn.LET( _xlpm.FinalScore,TRIM(SUBSTITUTE($AJ$6," ","")), _xlpm.UserGuess,TRIM(SUBSTITUTE(AJ11," ","")), _xlpm.FinalHome,VALUE(LEFT(_xlpm.FinalScore,FIND(":",_xlpm.FinalScore)-1)), _xlpm.FinalAway,VALUE(MID(_xlpm.FinalScore,FIND(":",_xlpm.FinalScore)+1,LEN(_xlpm.FinalScore))), _xlpm.GuessHome,VALUE(LEFT(_xlpm.UserGuess,FIND(":",_xlpm.UserGuess)-1)), _xlpm.GuessAway,VALUE(MID(_xlpm.UserGuess,FIND(":",_xlpm.UserGuess)+1,LEN(_xlpm.UserGuess))), _xlpm.FinalDiff,_xlpm.FinalHome-_xlpm.FinalAway, _xlpm.GuessDiff,_xlpm.GuessHome-_xlpm.GuessAway, IF( OR($AJ$6="",AJ11=""), 0+N("If final or guess is missing, 0 points"), IF( AND(_xlpm.FinalHome=_xlpm.GuessHome,_xlpm.FinalAway=_xlpm.GuessAway), 4+N("Exact score guessed, 4 points"), IF( AND( SIGN(_xlpm.FinalDiff)=SIGN(_xlpm.GuessDiff), OR(_xlpm.FinalHome=_xlpm.GuessHome,_xlpm.FinalAway=_xlpm.GuessAway) ), 2+N("Winner and one side score guessed, 2 points"), IF( SIGN(_xlpm.FinalDiff)=SIGN(_xlpm.GuessDiff), 1+N("Only winner guessed, 1 point"), 0+N("Wrong guess, 0 points") ) ) ) ) ) -> 0 | AM11: =_xlfn.LET( _xlpm.FinalScore, TRIM(SUBSTITUTE($AL$6," ","")), _xlpm.UserGuess, TRIM(SUBSTITUTE(AL11," ","")), _xlpm.FinalHome, VALUE(LEFT(_xlpm.FinalScore, FIND(":", _xlpm.FinalScore)-1)), _xlpm.FinalAway, VALUE(MID(_xlpm.FinalScore, FIND(":", _xlpm.FinalScore)+1, LEN(_xlpm.FinalScore))), _xlpm.GuessHome, VALUE(LEFT(_xlpm.UserGuess, FIND(":", _xlpm.UserGuess)-1)), _xlpm.GuessAway, VALUE(MID(_xlpm.UserGuess, FIND(":", _xlpm.UserGuess)+1, LEN(_xlpm.UserGuess))), _xlpm.FinalDiff, _xlpm.FinalHome - _xlpm.FinalAway, _xlpm.GuessDiff, _xlpm.GuessHome - _xlpm.GuessAway, IF( OR($AL$6="", AL11=""), 0 +N("If final or guess is missing, 0 points"), IF( AND(_xlpm.FinalHome=_xlpm.GuessHome, _xlpm.FinalAway=_xlpm.GuessAway), 4 +N("Exact score guessed, 4 points"), IF( AND( SIGN(_xlpm.FinalDiff) = SIGN(_xlpm.GuessDiff), OR(_xlpm.FinalHome=_xlpm.GuessHome, _xlpm.FinalAway=_xlpm.GuessAway) ), 2 +N("Winner and one side score guessed, 2 points"), IF( SIGN(_xlpm.FinalDiff) = SIGN(_xlpm.GuessDiff), 1 +N("Only winner guessed, 1 point"), 0 +N("Wrong guess, 0 points") ) ) ) ) ) -> 0 | AO11: =_xlfn.LET( _xlpm.FinalScore, TRIM(SUBSTITUTE($AN$6," ","")), _xlpm.UserGuess, TRIM(SUBSTITUTE(AN11," ","")), _xlpm.FinalHome, VALUE(LEFT(_xlpm.FinalScore, FIND(":", _xlpm.FinalScore)-1)), _xlpm.FinalAway, VALUE(MID(_xlpm.FinalScore, FIND(":", _xlpm.FinalScore)+1, LEN(_xlpm.FinalScore))), _xlpm.GuessHome, VALUE(LEFT(_xlpm.UserGuess, FIND(":", _xlpm.UserGuess)-1)), _xlpm.GuessAway, VALUE(MID(_xlpm.UserGuess, FIND(":", _xlpm.UserGuess)+1, LEN(_xlpm.UserGuess))), _xlpm.FinalDiff, _xlpm.FinalHome - _xlpm.FinalAway, _xlpm.GuessDiff, _xlpm.GuessHome - _xlpm.GuessAway, IF( OR($AN$6="", AN11=""), 0 +N("If final or guess is missing, 0 points"), IF( AND(_xlpm.FinalHome=_xlpm.GuessHome, _xlpm.FinalAway=_xlpm.GuessAway), 4 +N("Exact score guessed, 4 points"), IF( AND( SIGN(_xlpm.FinalDiff) = SIGN(_xlpm.GuessDiff), OR(_xlpm.FinalHome=_xlpm.GuessHome, _xlpm.FinalAway=_xlpm.GuessAway) ), 2 +N("Winner and one side score guessed, 2 points"), IF( SIGN(_xlpm.FinalDiff) = SIGN(_xlpm.GuessDiff), 1 +N("Only winner guessed, 1 point"), 0 +N("Wrong guess, 0 points") ) ) ) ) ) -> 0 | AR11: =_xlfn.LET( _xlpm.FinalScore, TRIM(SUBSTITUTE($AQ$6," ","")), _xlpm.UserGuess, TRIM(SUBSTITUTE(AQ11," ","")), _xlpm.FinalHome, VALUE(LEFT(_xlpm.FinalScore, FIND(":", _xlpm.FinalScore)-1)), _xlpm.FinalAway, VALUE(MID(_xlpm.FinalScore, FIND(":", _xlpm.FinalScore)+1, LEN(_xlpm.FinalScore))), _xlpm.GuessHome, VALUE(LEFT(_xlpm.UserGuess, FIND(":", _xlpm.UserGuess)-1)), _xlpm.GuessAway, VALUE(MID(_xlpm.UserGuess, FIND(":", _xlpm.UserGuess)+1, LEN(_xlpm.UserGuess))), _xlpm.FinalDiff, _xlpm.FinalHome - _xlpm.FinalAway, _xlpm.GuessDiff, _xlpm.GuessHome - _xlpm.GuessAway, IF( OR($AQ$6="", AQ11=""), 0 +N("If final or guess is missing, 0 points"), IF( AND(_xlpm.FinalHome=_xlpm.GuessHome, _xlpm.FinalAway=_xlpm.GuessAway), 4 +N("Exact score guessed, 4 points"), IF( AND( SIGN(_xlpm.FinalDiff) = SIGN(_xlpm.GuessDiff), OR(_xlpm.FinalHome=_xlpm.GuessHome, _xlpm.FinalAway=_xlpm.GuessAway) ), 2 +N("Winner and one side score guessed, 2 points"), IF( SIGN(_xlpm.FinalDiff) = SIGN(_xlpm.GuessDiff), 1 +N("Only winner guessed, 1 point"), 0 +N("Wrong guess, 0 points") ) ) ) ) ) -> 0 | AT11: =_xlfn.LET( _xlpm.FinalScore, TRIM(SUBSTITUTE($AS$6," ","")), _xlpm.UserGuess, TRIM(SUBSTITUTE(AS11," ","")), _xlpm.FinalHome, VALUE(LEFT(_xlpm.FinalScore, FIND(":", _xlpm.FinalScore)-1)), _xlpm.FinalAway, VALUE(MID(_xlpm.FinalScore, FIND(":", _xlpm.FinalScore)+1, LEN(_xlpm.FinalScore))), _xlpm.GuessHome, VALUE(LEFT(_xlpm.UserGuess, FIND(":", _xlpm.UserGuess)-1)), _xlpm.GuessAway, VALUE(MID(_xlpm.UserGuess, FIND(":", _xlpm.UserGuess)+1, LEN(_xlpm.UserGuess))), _xlpm.FinalDiff, _xlpm.FinalHome - _xlpm.FinalAway, _xlpm.GuessDiff, _xlpm.GuessHome - _xlpm.GuessAway, IF( OR($AS$6="", AS11=""), 0 +N("If final or guess is missing, 0 points"), IF( AND(_xlpm.FinalHome=_xlpm.GuessHome, _xlpm.FinalAway=_xlpm.GuessAway), 4 +N("Exact score guessed, 4 points"), IF( AND( SIGN(_xlpm.FinalDiff) = SIGN(_xlpm.GuessDiff), OR(_xlpm.FinalHome=_xlpm.GuessHome, _xlpm.FinalAway=_xlpm.GuessAway) ), 2 +N("Winner and one side score guessed, 2 points"), IF( SIGN(_xlpm.FinalDiff) = SIGN(_xlpm.GuessDiff), 1 +N("Only winner guessed, 1 point"), 0 +N("Wrong guess, 0 points") ) ) ) ) ) -> 0 | AV11: =_xlfn.LET( _xlpm.FinalScore, TRIM(SUBSTITUTE($AU$6," ","")), _xlpm.UserGuess, TRIM(SUBSTITUTE(AU11," ","")), _xlpm.FinalHome, VALUE(LEFT(_xlpm.FinalScore, FIND(":", _xlpm.FinalScore)-1)), _xlpm.FinalAway, VALUE(MID(_xlpm.FinalScore, FIND(":", _xlpm.FinalScore)+1, LEN(_xlpm.FinalScore))), _xlpm.GuessHome, VALUE(LEFT(_xlpm.UserGuess, FIND(":", _xlpm.UserGuess)-1)), _xlpm.GuessAway, VALUE(MID(_xlpm.UserGuess, FIND(":", _xlpm.UserGuess)+1, LEN(_xlpm.UserGuess))), _xlpm.FinalDiff, _xlpm.FinalHome - _xlpm.FinalAway, _xlpm.GuessDiff, _xlpm.GuessHome - _xlpm.GuessAway, IF( OR($AU$6="", AU11=""), 0 +N("If final or guess is missing, 0 points"), IF( AND(_xlpm.FinalHome=_xlpm.GuessHome, _xlpm.FinalAway=_xlpm.GuessAway), 4 +N("Exact score guessed, 4 points"), IF( AND( SIGN(_xlpm.FinalDiff) = SIGN(_xlpm.GuessDiff), OR(_xlpm.FinalHome=_xlpm.GuessHome, _xlpm.FinalAway=_xlpm.GuessAway) ), 2 +N("Winner and one side score guessed, 2 points"), IF( SIGN(_xlpm.FinalDiff) = SIGN(_xlpm.GuessDiff), 1 +N("Only winner guessed, 1 point"), 0 +N("Wrong guess, 0 points") ) ) ) ) ) -> 0 | AX11: =_xlfn.LET( _xlpm.FinalScore, TRIM(SUBSTITUTE($AW$6," ","")), _xlpm.UserGuess, TRIM(SUBSTITUTE(AW11," ","")), _xlpm.FinalHome, VALUE(LEFT(_xlpm.FinalScore, FIND(":", _xlpm.FinalScore)-1)), _xlpm.FinalAway, VALUE(MID(_xlpm.FinalScore, FIND(":", _xlpm.FinalScore)+1, LEN(_xlpm.FinalScore))), _xlpm.GuessHome, VALUE(LEFT(_xlpm.UserGuess, FIND(":", _xlpm.UserGuess)-1)), _xlpm.GuessAway, VALUE(MID(_xlpm.UserGuess, FIND(":", _xlpm.UserGuess)+1, LEN(_xlpm.UserGuess))), _xlpm.FinalDiff, _xlpm.FinalHome - _xlpm.FinalAway, _xlpm.GuessDiff, _xlpm.GuessHome - _xlpm.GuessAway, IF( OR($AW$6="", AW11=""), 0 +N("If final or guess is missing, 0 points"), IF( AND(_xlpm.FinalHome=_xlpm.GuessHome, _xlpm.FinalAway=_xlpm.GuessAway), 4 +N("Exact score guessed, 4 points"), IF( AND( SIGN(_xlpm.FinalDiff) = SIGN(_xlpm.GuessDiff), OR(_xlpm.FinalHome=_xlpm.GuessHome, _xlpm.FinalAway=_xlpm.GuessAway) ), 2 +N("Winner and one side score guessed, 2 points"), IF( SIGN(_xlpm.FinalDiff) = SIGN(_xlpm.GuessDiff), 1 +N("Only winner guessed, 1 point"), 0 +N("Wrong guess, 0 points") ) ) ) ) ) -> 0 | BA11: =_xlfn.LET( _xlpm.FinalScore, TRIM(SUBSTITUTE($AW$6," ","")), _xlpm.UserGuess, TRIM(SUBSTITUTE(AZ11," ","")), _xlpm.FinalHome, VALUE(LEFT(_xlpm.FinalScore, FIND(":", _xlpm.FinalScore)-1)), _xlpm.FinalAway, VALUE(MID(_xlpm.FinalScore, FIND(":", _xlpm.FinalScore)+1, LEN(_xlpm.FinalScore))), _xlpm.GuessHome, VALUE(LEFT(_xlpm.UserGuess, FIND(":", _xlpm.UserGuess)-1)), _xlpm.GuessAway, VALUE(MID(_xlpm.UserGuess, FIND(":", _xlpm.UserGuess)+1, LEN(_xlpm.UserGuess))), _xlpm.FinalDiff, _xlpm.FinalHome - _xlpm.FinalAway, _xlpm.GuessDiff, _xlpm.GuessHome - _xlpm.GuessAway, IF( OR($AW$6="", AZ11=""), 0 +N("If final or guess is missing, 0 points"), IF( AND(_xlpm.FinalHome=_xlpm.GuessHome, _xlpm.FinalAway=_xlpm.GuessAway), 5 +N("Exact score guessed, 5 points"), IF( AND( SIGN(_xlpm.FinalDiff) = SIGN(_xlpm.GuessDiff), OR(_xlpm.FinalHome=_xlpm.GuessHome, _xlpm.FinalAway=_xlpm.GuessAway) ), 3 +N("Winner and one side score guessed, 3 points"), IF( SIGN(_xlpm.FinalDiff) = SIGN(_xlpm.GuessDiff), 2 +N("Only winner guessed, 2 point"), 0 +N("Wrong guess, 0 points") ) ) ) ) ) -> 0 | BC11: =_xlfn.LET( _xlpm.FinalScore, TRIM(SUBSTITUTE($AW$6," ","")), _xlpm.UserGuess, TRIM(SUBSTITUTE(BB11," ","")), _xlpm.FinalHome, VALUE(LEFT(_xlpm.FinalScore, FIND(":", _xlpm.FinalScore)-1)), _xlpm.FinalAway, VALUE(MID(_xlpm.FinalScore, FIND(":", _xlpm.FinalScore)+1, LEN(_xlpm.FinalScore))), _xlpm.GuessHome, VALUE(LEFT(_xlpm.UserGuess, FIND(":", _xlpm.UserGuess)-1)), _xlpm.GuessAway, VALUE(MID(_xlpm.UserGuess, FIND(":", _xlpm.UserGuess)+1, LEN(_xlpm.UserGuess))), _xlpm.FinalDiff, _xlpm.FinalHome - _xlpm.FinalAway, _xlpm.GuessDiff, _xlpm.GuessHome - _xlpm.GuessAway, IF( OR($AW$6="", BB11=""), 0 +N("If final or guess is missing, 0 points"), IF( AND(_xlpm.FinalHome=_xlpm.GuessHome, _xlpm.FinalAway=_xlpm.GuessAway), 5 +N("Exact score guessed, 5 points"), IF( AND( SIGN(_xlpm.FinalDiff) = SIGN(_xlpm.GuessDiff), OR(_xlpm.FinalHome=_xlpm.GuessHome, _xlpm.FinalAway=_xlpm.GuessAway) ), 3 +N("Winner and one side score guessed, 3 points"), IF( SIGN(_xlpm.FinalDiff) = SIGN(_xlpm.GuessDiff), 2 +N("Only winner guessed, 2 point"), 0 +N("Wrong guess, 0 points") ) ) ) ) ) -> 0 | BE11: =_xlfn.LET( _xlpm.FinalScore, TRIM(SUBSTITUTE($AW$6," ","")), _xlpm.UserGuess, TRIM(SUBSTITUTE(BD11," ","")), _xlpm.FinalHome, VALUE(LEFT(_xlpm.FinalScore, FIND(":", _xlpm.FinalScore)-1)), _xlpm.FinalAway, VALUE(MID(_xlpm.FinalScore, FIND(":", _xlpm.FinalScore)+1, LEN(_xlpm.FinalScore))), _xlpm.GuessHome, VALUE(LEFT(_xlpm.UserGuess, FIND(":", _xlpm.UserGuess)-1)), _xlpm.GuessAway, VALUE(MID(_xlpm.UserGuess, FIND(":", _xlpm.UserGuess)+1, LEN(_xlpm.UserGuess))), _xlpm.FinalDiff, _xlpm.FinalHome - _xlpm.FinalAway, _xlpm.GuessDiff, _xlpm.GuessHome - _xlpm.GuessAway, IF( OR($AW$6="", BD11=""), 0 +N("If final or guess is missing, 0 points"), IF( AND(_xlpm.FinalHome=_xlpm.GuessHome, _xlpm.FinalAway=_xlpm.GuessAway), 5 +N("Exact score guessed, 5 points"), IF( AND( SIGN(_xlpm.FinalDiff) = SIGN(_xlpm.GuessDiff), OR(_xlpm.FinalHome=_xlpm.GuessHome, _xlpm.FinalAway=_xlpm.GuessAway) ), 3 +N("Winner and one side score guessed, 3 points"), IF( SIGN(_xlpm.FinalDiff) = SIGN(_xlpm.GuessDiff), 2 +N("Only winner guessed, 2 point"), 0 +N("Wrong guess, 0 points") ) ) ) ) ) -> 0 | BG11: =_xlfn.LET( _xlpm.FinalScore, TRIM(SUBSTITUTE($AW$6," ","")), _xlpm.UserGuess, TRIM(SUBSTITUTE(BF11," ","")), _xlpm.FinalHome, VALUE(LEFT(_xlpm.FinalScore, FIND(":", _xlpm.FinalScore)-1)), _xlpm.FinalAway, VALUE(MID(_xlpm.FinalScore, FIND(":", _xlpm.FinalScore)+1, LEN(_xlpm.FinalScore))), _xlpm.GuessHome, VALUE(LEFT(_xlpm.UserGuess, FIND(":", _xlpm.UserGuess)-1)), _xlpm.GuessAway, VALUE(MID(_xlpm.UserGuess, FIND(":", _xlpm.UserGuess)+1, LEN(_xlpm.UserGuess))), _xlpm.FinalDiff, _xlpm.FinalHome - _xlpm.FinalAway, _xlpm.GuessDiff, _xlpm.GuessHome - _xlpm.GuessAway, IF( OR($AW$6="", BF11=""), 0 +N("If final or guess is missing, 0 points"), IF( AND(_xlpm.FinalHome=_xlpm.GuessHome, _xlpm.FinalAway=_xlpm.GuessAway), 5 +N("Exact score guessed, 5 points"), IF( AND( SIGN(_xlpm.FinalDiff) = SIGN(_xlpm.GuessDiff), OR(_xlpm.FinalHome=_xlpm.GuessHome, _xlpm.FinalAway=_xlpm.GuessAway) ), 3 +N("Winner and one side score guessed, 3 points"), IF( SIGN(_xlpm.FinalDiff) = SIGN(_xlpm.GuessDiff), 2 +N("Only winner guessed, 2 point"), 0 +N("Wrong guess, 0 points") ) ) ) ) ) -> 0 | BJ11: =_xlfn.LET( _xlpm.FinalScore, TRIM(SUBSTITUTE($AW$6," ","")), _xlpm.UserGuess, TRIM(SUBSTITUTE(BI11," ","")), _xlpm.FinalHome, VALUE(LEFT(_xlpm.FinalScore, FIND(":", _xlpm.FinalScore)-1)), _xlpm.FinalAway, VALUE(MID(_xlpm.FinalScore, FIND(":", _xlpm.FinalScore)+1, LEN(_xlpm.FinalScore))), _xlpm.GuessHome, VALUE(LEFT(_xlpm.UserGuess, FIND(":", _xlpm.UserGuess)-1)), _xlpm.GuessAway, VALUE(MID(_xlpm.UserGuess, FIND(":", _xlpm.UserGuess)+1, LEN(_xlpm.UserGuess))), _xlpm.FinalDiff, _xlpm.FinalHome - _xlpm.FinalAway, _xlpm.GuessDiff, _xlpm.GuessHome - _xlpm.GuessAway, IF( OR($AW$6="", BI11=""), 0 +N("If final or guess is missing, 0 points"), IF( AND(_xlpm.FinalHome=_xlpm.GuessHome, _xlpm.FinalAway=_xlpm.GuessAway), 5 +N("Exact score guessed, 5 points"), IF( AND( SIGN(_xlpm.FinalDiff) = SIGN(_xlpm.GuessDiff), OR(_xlpm.FinalHome=_xlpm.GuessHome, _xlpm.FinalAway=_xlpm.GuessAway) ), 3 +N("Winner and one side score guessed, 3 points"), IF( SIGN(_xlpm.FinalDiff) = SIGN(_xlpm.GuessDiff), 2 +N("Only winner guessed, 2 point"), 0 +N("Wrong guess, 0 points") ) ) ) ) ) -> 0 | BL11: =_xlfn.LET( _xlpm.FinalScore, TRIM(SUBSTITUTE($AW$6," ","")), _xlpm.UserGuess, TRIM(SUBSTITUTE(BK11," ","")), _xlpm.FinalHome, VALUE(LEFT(_xlpm.FinalScore, FIND(":", _xlpm.FinalScore)-1)), _xlpm.FinalAway, VALUE(MID(_xlpm.FinalScore, FIND(":", _xlpm.FinalScore)+1, LEN(_xlpm.FinalScore))), _xlpm.GuessHome, VALUE(LEFT(_xlpm.UserGuess, FIND(":", _xlpm.UserGuess)-1)), _xlpm.GuessAway, VALUE(MID(_xlpm.UserGuess, FIND(":", _xlpm.UserGuess)+1, LEN(_xlpm.UserGuess))), _xlpm.FinalDiff, _xlpm.FinalHome - _xlpm.FinalAway, _xlpm.GuessDiff, _xlpm.GuessHome - _xlpm.GuessAway, IF( OR($AW$6="", BK11=""), 0 +N("If final or guess is missing, 0 points"), IF( AND(_xlpm.FinalHome=_xlpm.GuessHome, _xlpm.FinalAway=_xlpm.GuessAway), 5 +N("Exact score guessed, 5 points"), IF( AND( SIGN(_xlpm.FinalDiff) = SIGN(_xlpm.GuessDiff), OR(_xlpm.FinalHome=_xlpm.GuessHome, _xlpm.FinalAway=_xlpm.GuessAway) ), 3 +N("Winner and one side score guessed, 3 points"), IF( SIGN(_xlpm.FinalDiff) = SIGN(_xlpm.GuessDiff), 2 +N("Only winner guessed, 2 point"), 0 +N("Wrong guess, 0 points") ) ) ) ) ) -> 0 | BN11: =_xlfn.LET( _xlpm.FinalScore, TRIM(SUBSTITUTE($AW$6," ","")), _xlpm.UserGuess, TRIM(SUBSTITUTE(BM11," ","")), _xlpm.FinalHome, VALUE(LEFT(_xlpm.FinalScore, FIND(":", _xlpm.FinalScore)-1)), _xlpm.FinalAway, VALUE(MID(_xlpm.FinalScore, FIND(":", _xlpm.FinalScore)+1, LEN(_xlpm.FinalScore))), _xlpm.GuessHome, VALUE(LEFT(_xlpm.UserGuess, FIND(":", _xlpm.UserGuess)-1)), _xlpm.GuessAway, VALUE(MID(_xlpm.UserGuess, FIND(":", _xlpm.UserGuess)+1, LEN(_xlpm.UserGuess))), _xlpm.FinalDiff, _xlpm.FinalHome - _xlpm.FinalAway, _xlpm.GuessDiff, _xlpm.GuessHome - _xlpm.GuessAway, IF( OR($AW$6="", BM11=""), 0 +N("If final or guess is missing, 0 points"), IF( AND(_xlpm.FinalHome=_xlpm.GuessHome, _xlpm.FinalAway=_xlpm.GuessAway), 5 +N("Exact score guessed, 5 points"), IF( AND( SIGN(_xlpm.FinalDiff) = SIGN(_xlpm.GuessDiff), OR(_xlpm.FinalHome=_xlpm.GuessHome, _xlpm.FinalAway=_xlpm.GuessAway) ), 3 +N("Winner and one side score guessed, 3 points"), IF( SIGN(_xlpm.FinalDiff) = SIGN(_xlpm.GuessDiff), 2 +N("Only winner guessed, 2 point"), 0 +N("Wrong guess, 0 points") ) ) ) ) ) -> 0 | BP11: =_xlfn.LET( _xlpm.FinalScore, TRIM(SUBSTITUTE($AW$6," ","")), _xlpm.UserGuess, TRIM(SUBSTITUTE(BO11," ","")), _xlpm.FinalHome, VALUE(LEFT(_xlpm.FinalScore, FIND(":", _xlpm.FinalScore)-1)), _xlpm.FinalAway, VALUE(MID(_xlpm.FinalScore, FIND(":", _xlpm.FinalScore)+1, LEN(_xlpm.FinalScore))), _xlpm.GuessHome, VALUE(LEFT(_xlpm.UserGuess, FIND(":", _xlpm.UserGuess)-1)), _xlpm.GuessAway, VALUE(MID(_xlpm.UserGuess, FIND(":", _xlpm.UserGuess)+1, LEN(_xlpm.UserGuess))), _xlpm.FinalDiff, _xlpm.FinalHome - _xlpm.FinalAway, _xlpm.GuessDiff, _xlpm.GuessHome - _xlpm.GuessAway, IF( OR($AW$6="", BO11=""), 0 +N("If final or guess is missing, 0 points"), IF( AND(_xlpm.FinalHome=_xlpm.GuessHome, _xlpm.FinalAway=_xlpm.GuessAway), 5 +N("Exact score guessed, 5 points"), IF( AND( SIGN(_xlpm.FinalDiff) = SIGN(_xlpm.GuessDiff), OR(_xlpm.FinalHome=_xlpm.GuessHome, _xlpm.FinalAway=_xlpm.GuessAway) ), 3 +N("Winner and one side score guessed, 3 points"), IF( SIGN(_xlpm.FinalDiff) = SIGN(_xlpm.GuessDiff), 2 +N("Only winner guessed, 2 point"), 0 +N("Wrong guess, 0 points") ) ) ) ) ) -> 0 | BS11: =_xlfn.LET( _xlpm.FinalScore, TRIM(SUBSTITUTE($AW$6," ","")), _xlpm.UserGuess, TRIM(SUBSTITUTE(BR11," ","")), _xlpm.FinalHome, VALUE(LEFT(_xlpm.FinalScore, FIND(":", _xlpm.FinalScore)-1)), _xlpm.FinalAway, VALUE(MID(_xlpm.FinalScore, FIND(":", _xlpm.FinalScore)+1, LEN(_xlpm.FinalScore))), _xlpm.GuessHome, VALUE(LEFT(_xlpm.UserGuess, FIND(":", _xlpm.UserGuess)-1)), _xlpm.GuessAway, VALUE(MID(_xlpm.UserGuess, FIND(":", _xlpm.UserGuess)+1, LEN(_xlpm.UserGuess))), _xlpm.FinalDiff, _xlpm.FinalHome - _xlpm.FinalAway, _xlpm.GuessDiff, _xlpm.GuessHome - _xlpm.GuessAway, IF( OR($AW$6="", BR11=""), 0 +N("If final or guess is missing, 0 points"), IF( AND(_xlpm.FinalHome=_xlpm.GuessHome, _xlpm.FinalAway=_xlpm.GuessAway), 5 +N("Exact score guessed, 5 points"), IF( AND( SIGN(_xlpm.FinalDiff) = SIGN(_xlpm.GuessDiff), OR(_xlpm.FinalHome=_xlpm.GuessHome, _xlpm.FinalAway=_xlpm.GuessAway) ), 3 +N("Winner and one side score guessed, 3 points"), IF( SIGN(_xlpm.FinalDiff) = SIGN(_xlpm.GuessDiff), 2 +N("Only winner guessed, 2 point"), 0 +N("Wrong guess, 0 points") ) ) ) ) ) -> 0 | BU11: =_xlfn.LET( _xlpm.FinalScore, TRIM(SUBSTITUTE($AW$6," ","")), _xlpm.UserGuess, TRIM(SUBSTITUTE(BT11," ","")), _xlpm.FinalHome, VALUE(LEFT(_xlpm.FinalScore, FIND(":", _xlpm.FinalScore)-1)), _xlpm.FinalAway, VALUE(MID(_xlpm.FinalScore, FIND(":", _xlpm.FinalScore)+1, LEN(_xlpm.FinalScore))), _xlpm.GuessHome, VALUE(LEFT(_xlpm.UserGuess, FIND(":", _xlpm.UserGuess)-1)), _xlpm.GuessAway, VALUE(MID(_xlpm.UserGuess, FIND(":", _xlpm.UserGuess)+1, LEN(_xlpm.UserGuess))), _xlpm.FinalDiff, _xlpm.FinalHome - _xlpm.FinalAway, _xlpm.GuessDiff, _xlpm.GuessHome - _xlpm.GuessAway, IF( OR($AW$6="", BT11=""), 0 +N("If final or guess is missing, 0 points"), IF( AND(_xlpm.FinalHome=_xlpm.GuessHome, _xlpm.FinalAway=_xlpm.GuessAway), 5 +N("Exact score guessed, 5 points"), IF( AND( SIGN(_xlpm.FinalDiff) = SIGN(_xlpm.GuessDiff), OR(_xlpm.FinalHome=_xlpm.GuessHome, _xlpm.FinalAway=_xlpm.GuessAway) ), 3 +N("Winner and one side score guessed, 3 points"), IF( SIGN(_xlpm.FinalDiff) = SIGN(_xlpm.GuessDiff), 2 +N("Only winner guessed, 2 point"), 0 +N("Wrong guess, 0 points") ) ) ) ) ) -> 0 | BX11: =_xlfn.LET( _xlpm.FinalScore, TRIM(SUBSTITUTE($AW$6," ","")), _xlpm.UserGuess, TRIM(SUBSTITUTE(BW11," ","")), _xlpm.FinalHome, VALUE(LEFT(_xlpm.FinalScore, FIND(":", _xlpm.FinalScore)-1)), _xlpm.FinalAway, VALUE(MID(_xlpm.FinalScore, FIND(":", _xlpm.FinalScore)+1, LEN(_xlpm.FinalScore))), _xlpm.GuessHome, VALUE(LEFT(_xlpm.UserGuess, FIND(":", _xlpm.UserGuess)-1)), _xlpm.GuessAway, VALUE(MID(_xlpm.UserGuess, FIND(":", _xlpm.UserGuess)+1, LEN(_xlpm.UserGuess))), _xlpm.FinalDiff, _xlpm.FinalHome - _xlpm.FinalAway, _xlpm.GuessDiff, _xlpm.GuessHome - _xlpm.GuessAway, IF( OR($AW$6="", BW11=""), 0 +N("If final or guess is missing, 0 points"), IF( AND(_xlpm.FinalHome=_xlpm.GuessHome, _xlpm.FinalAway=_xlpm.GuessAway), 5 +N("Exact score guessed, 5 points"), IF( AND( SIGN(_xlpm.FinalDiff) = SIGN(_xlpm.GuessDiff), OR(_xlpm.FinalHome=_xlpm.GuessHome, _xlpm.FinalAway=_xlpm.GuessAway) ), 3 +N("Winner and one side score guessed, 3 points"), IF( SIGN(_xlpm.FinalDiff) = SIGN(_xlpm.GuessDiff), 2 +N("Only winner guessed, 2 point"), 0 +N("Wrong guess, 0 points") ) ) ) ) ) -> 0 | CA11: =_xlfn.LET( _xlpm.FinalScore, TRIM(SUBSTITUTE($AW$6," ","")), _xlpm.UserGuess, TRIM(SUBSTITUTE(BZ11," ","")), _xlpm.FinalHome, VALUE(LEFT(_xlpm.FinalScore, FIND(":", _xlpm.FinalScore)-1)), _xlpm.FinalAway, VALUE(MID(_xlpm.FinalScore, FIND(":", _xlpm.FinalScore)+1, LEN(_xlpm.FinalScore))), _xlpm.GuessHome, VALUE(LEFT(_xlpm.UserGuess, FIND(":", _xlpm.UserGuess)-1)), _xlpm.GuessAway, VALUE(MID(_xlpm.UserGuess, FIND(":", _xlpm.UserGuess)+1, LEN(_xlpm.UserGuess))), _xlpm.FinalDiff, _xlpm.FinalHome - _xlpm.FinalAway, _xlpm.GuessDiff, _xlpm.GuessHome - _xlpm.GuessAway, IF( OR($AW$6="", BZ11=""), 0 +N("If final or guess is missing, 0 points"), IF( AND(_xlpm.FinalHome=_xlpm.GuessHome, _xlpm.FinalAway=_xlpm.GuessAway), 5 +N("Exact score guessed, 5 points"), IF( AND( SIGN(_xlpm.FinalDiff) = SIGN(_xlpm.GuessDiff), OR(_xlpm.FinalHome=_xlpm.GuessHome, _xlpm.FinalAway=_xlpm.GuessAway) ), 3 +N("Winner and one side score guessed, 3 points"), IF( SIGN(_xlpm.FinalDiff) = SIGN(_xlpm.GuessDiff), 2 +N("Only winner guessed, 2 point"), 0 +N("Wrong guess, 0 points") ) ) ) ) ) -> 0
